ADM0_NAME,ADM1_NAME,vs_2001,vap_2001,tmax_2001,tmin_2001,srad_2001,pr_2001,ab_1960,ag_1960,ab_2001,ag_2001,vs_1960,vap_1960,tmax_1960,tmin_1960,srad_1960,pr_1960,LSTday_1960,LSTnight_1960,LSTday_2001,LSTnight_2001,ADM0_NAME.y,pop_1960,pop_2001
Brunei Darussalam,Belait,1.643900088,2.95805851,31.1066809,24.12184788,194.1238547,287.3795528,0.766120302,0.357305521,0.815793044,0.364325102,1.618288644,2.899076654,30.6646945,23.67134103,200.8957856,265.9307738,28.41823165,22.55263313,28.54623587,22.68703614,Brunei Darussalam,45270.88691,61462.56136
Brunei Darussalam,Brunei and Muara,2.007412856,3.001497483,31.02997878,24.50703452,202.1223193,333.6031471,0.951136487,0.7864943,0.967281842,0.86056953,1.988430431,2.950946652,30.55627344,24.09834546,206.6208153,309.5092191,30.45927596,23.58261628,30.24487095,23.41088362,Brunei Darussalam,170973.3745,278086.5916
Brunei Darussalam,Temburong,1.669928487,2.832390193,30.46646374,23.79621063,201.3180905,335.8425682,0.56752411,0.298555942,0.620180235,0.308891419,1.635378741,2.781510335,29.98057139,23.37637681,206.0263723,308.899643,27.68533104,21.38652678,27.73512505,21.99984788,Brunei Darussalam,8188.751778,11620.04266
Brunei Darussalam,Tutong,1.845375532,2.988038632,31.09676775,24.36247752,198.941061,313.2952589,0.826885988,0.455924971,0.87549647,0.464130022,1.828816016,2.933670575,30.64397596,23.93801968,204.4715441,289.7075542,28.67747942,22.71413851,28.89628653,22.65776378,Brunei Darussalam,29927.10647,41994.07978
Cambodia,Area under National Administration 1,1.426560003,2.84059067,32.34779568,23.49555007,235.3435016,104.6276355,0.889325631,0.593732068,0.928116976,0.62330612,1.381954677,2.743909877,31.76810906,22.78268687,230.3606418,104.9356987,26.59649315,26.38029598,26.59492566,26.3585038,Cambodia,29280.04551,14711.45245
Cambodia,Area under National Administration 2,2.621162879,3.03004697,31.88252525,24.69917929,209.9335101,246.1367424,0.880868061,0.587659042,0.909827066,0.602056332,2.51792067,2.92138624,31.39260902,24.03622814,209.1612281,241.8652993,27.05371546,24.14860317,26.90443187,25.21496021,Cambodia,0,91.38362538
Cambodia,Banteay Meanchey,1.449655153,2.806823962,33.27067949,23.36049791,229.8292489,94.8923702,0.939488424,0.588155695,0.967085295,0.637433137,1.359532908,2.701786368,32.74398636,22.62685609,224.2627388,95.60095133,32.06985767,22.39603215,33.79712901,23.08141297,Cambodia,507066.6279,703013.7003
Cambodia,Battambang,1.354782375,2.798791749,32.41283275,23.2654938,223.933972,122.1589502,0.853653743,0.56462185,0.945875091,0.640682392,1.34230723,2.697799752,31.86038844,22.529131,218.9817237,122.2542889,30.40258753,21.68776559,32.62407387,22.55755637,Cambodia,708360.1505,1208661.574
Cambodia,Kampong Cham,1.605670019,2.823020764,32.42682899,23.65557567,224.9604461,145.0710367,0.95987361,0.695681255,0.983322497,0.75365194,1.638426599,2.724551402,31.81946125,22.94728225,220.4581709,145.9382233,30.1478234,22.60290836,31.96775947,23.3790829,Cambodia,1464901.983,1725533.986
Cambodia,Kampong Chhnang,1.484221153,2.834269485,32.45404875,23.97928376,226.8065891,125.0578221,0.947448271,0.681467901,0.966800526,0.69537652,1.503803905,2.7380284,31.84783103,23.24581909,222.5871419,125.8954373,30.54383972,23.48462232,31.59111519,23.91935543,Cambodia,333418.4577,483176.9506
Cambodia,Kampong Speu,1.554991801,2.822893205,32.02502151,24.1244261,215.7633965,117.0625214,0.914140832,0.702935785,0.945315002,0.781169004,1.617326782,2.723136687,31.45747278,23.40336688,212.5456819,115.8444784,31.62023859,22.03947613,33.05525139,23.35361766,Cambodia,487450.7568,758319.8554
Cambodia,Kampong Thom,1.589601271,2.800744815,32.38391671,23.47659795,231.2859878,129.7732157,0.878415604,0.55787372,0.947154776,0.604786287,1.590796803,2.705847366,31.75939029,22.75004113,225.9706846,131.3283382,30.14339815,22.78123565,31.48619316,23.10899049,Cambodia,499070.075,653999.9927
Cambodia,Kampot,2.034832832,2.918876407,31.23287675,24.21943146,207.7063468,173.9127755,0.884070927,0.715093267,0.927530607,0.807509194,2.067381475,2.808746947,30.69161114,23.50443934,205.2232859,171.6640559,30.19295064,21.93796629,31.4240942,23.05410063,Cambodia,461976.5906,620796.5546
Cambodia,Kandal,1.458315628,2.879142261,32.33723497,24.29089017,221.3673987,108.6376503,0.964969888,0.771360192,0.984461786,0.843705865,1.51900232,2.777742822,31.75513963,23.57233051,217.7960867,107.6060987,29.30085724,23.28979795,30.46442267,23.8706161,Cambodia,865396.7231,1331502.241
Cambodia,Kep,2.484803628,3.011984701,31.23549865,24.56751127,206.5007729,182.5325511,0.935279293,0.751734474,0.980864163,0.877605154,2.499175523,2.894992545,30.70189717,23.85592041,204.2476063,180.0174883,29.51741166,22.34261883,30.60815109,23.32341221,Cambodia,22203.95381,37748.62114
Cambodia,Koh Kong,2.001028437,2.828094342,31.0114473,23.10832769,211.4227126,254.6299893,0.587557807,0.351580023,0.650945323,0.393483025,2.059266788,2.725932681,30.47689667,22.40211177,208.6785759,253.646408,27.95744196,20.40779955,28.30931461,21.48331381,Cambodia,124403.5381,134435.8849
Cambodia,Kratie,1.636971605,2.762068155,32.14054504,22.66122981,225.1063784,156.2033157,0.823159195,0.48733025,0.954633197,0.559913435,1.662599352,2.665161547,31.53520961,21.95347848,219.9432735,158.5445248,28.54947028,21.74134901,31.20284436,23.00094666,Cambodia,238681.8426,348515.6404
Cambodia,Mondul Kiri,1.802878623,2.527940124,30.29215524,20.61805906,221.5074818,172.5199717,0.448549311,0.356460294,0.539245703,0.401589898,1.861418081,2.434448688,29.70209925,19.86955459,217.0076673,173.1900554,27.76473377,19.76154673,29.04479075,21.31277677,Cambodia,21149.85746,82697.71231
Cambodia,Otdar Meanchey,1.589787993,2.745736611,32.78335333,22.72806228,236.8644493,116.2423188,0.822983329,0.429342101,0.955686307,0.532182889,1.438565084,2.643003122,32.27146409,22.04215713,230.5002622,116.1928392,30.51197815,21.95253025,32.40013156,22.77364531,Cambodia,59173.65884,393057.58
Cambodia,Pailin,1.370273516,2.708654489,31.39405181,22.29795934,218.7137393,161.083512,0.541080121,0.323799189,0.777530418,0.541892927,1.406102256,2.607500061,30.83852238,21.54935312,213.918977,161.6050681,27.91287321,19.83517656,31.39114451,21.35654544,Cambodia,13454.3863,137727.4886
Cambodia,Phnom Penh,1.570128314,2.875434461,32.84829005,24.7334389,218.8628145,112.8390831,0.984261691,0.923015971,0.988826694,0.96617352,1.629974939,2.774612235,32.26295949,24.01253314,215.3105251,111.5660983,32.22674433,23.42732767,34.0667986,24.64876997,Cambodia,841321.182,1551680.134
Cambodia,Preah Sihanouk,2.417752885,2.973759603,31.52610643,24.34166901,208.945176,255.7353968,0.81873549,0.480290832,0.921860645,0.661697626,2.394199822,2.865901023,31.0179967,23.63613362,207.1631598,254.9606459,28.58393121,21.31069497,29.49215363,22.40545226,Cambodia,113517.7307,214836.8488
Cambodia,Preah Vihear,1.606745705,2.715838797,32.02569873,22.80791683,237.0716164,136.3011112,0.795538103,0.417372006,0.879593832,0.466382045,1.600108264,2.619968656,31.42893217,22.10000596,230.254154,137.1451541,29.45098375,21.85633559,31.19274176,22.58307439,Cambodia,89640.63682,215951.0639
Cambodia,Prey Veng,1.578726287,2.874268506,32.5169715,24.27149391,218.5070251,118.0903169,0.975746195,0.817298179,0.987354116,0.831666144,1.638789068,2.770350973,31.93762432,23.56800439,214.4845178,117.4929264,29.71628334,23.31856624,31.47482453,23.56883969,Cambodia,853451.7901,944673.8567
Cambodia,Pursat,1.478248378,2.764681574,31.82446082,23.19624656,223.0143364,132.0428153,0.754043101,0.54061972,0.812197152,0.559432903,1.480374655,2.669423221,31.23899217,22.4647988,218.691573,131.3213427,29.88823908,21.95741406,30.65812432,22.5732086,Cambodia,310170.597,398737.5484
Cambodia,Ratanak Kiri,1.7198346,2.623125962,31.45149796,21.77541326,228.8359446,200.3041931,0.563016279,0.332382224,0.770064452,0.404721722,1.785491217,2.539562454,30.86455649,20.96144703,223.0906734,202.1804368,28.14622643,20.72023836,29.89359814,21.70098758,Cambodia,64688.87174,178950.2439
Cambodia,Siem Reap,1.523579295,2.786737153,32.55558833,23.15124339,235.1301325,109.8008097,0.888775884,0.546118744,0.95915968,0.62931643,1.422274817,2.685527845,32.00027668,22.45204875,229.2309915,110.2687304,30.51504956,22.84243513,31.72191099,23.14430004,Cambodia,556259.9965,986466.386
Cambodia,Stung Treng,1.675558151,2.71112324,31.84316876,22.83430309,235.3056727,160.2888108,0.690020082,0.341744884,0.821926674,0.433139895,1.712425259,2.622201557,31.23597692,22.07726982,228.5876996,162.4425484,27.90339984,21.70089236,29.54823873,22.59791077,Cambodia,58826.16402,125253.9646
Cambodia,Svay Rieng,1.583592231,2.874174321,32.53645967,24.16303123,214.2156506,131.3254529,0.984848167,0.842219042,0.988509741,0.864336214,1.644606881,2.764646534,31.96476924,23.46635439,209.7659353,129.381297,30.42284382,23.2173075,32.2689781,23.30349234,Cambodia,441237.3578,487244.7785
Cambodia,Takeo,1.553721972,2.909976213,32.02234895,24.60661598,211.6083694,114.7556679,0.977090439,0.82072043,0.987406771,0.883155256,1.614585603,2.803946294,31.4618387,23.88872412,208.5418041,112.7826185,30.2555721,23.17650765,31.04810048,23.68721402,Cambodia,663251.0848,858137.2018
Indonesia,Bali,2.382727998,2.57090525,29.10690727,20.02520033,195.4665578,170.4302624,0.748883848,0.634028186,0.842692261,0.814256437,2.356457843,2.506547425,28.95625205,19.75603387,196.7155159,162.4610821,27.57506831,19.02380073,28.5741309,20.16567725,Indonesia,2559015.618,3906561.964
Indonesia,Bangka Belitung,1.831706867,3.071789337,30.69249553,23.94226652,203.4589966,234.2488475,0.850214379,0.515391449,0.945442083,0.639595661,1.896782592,2.928834525,30.18377972,23.13956915,197.4547411,240.1372443,28.61125004,21.6251368,29.31850034,22.33233059,Indonesia,624059.0495,1205487.261
Indonesia,Banten,2.110352497,2.677691009,31.2918049,22.22619215,209.3597257,203.4879446,0.881857172,0.75573071,0.939510214,0.887382194,1.966777775,2.720281482,30.9105464,21.28381967,198.9800294,204.488747,31.72133011,21.4616576,31.74661309,22.45461729,Indonesia,6309116.831,10984371.56
Indonesia,Bengkulu,1.910944836,2.623147427,28.67673919,19.49726834,187.4470815,264.666522,0.539091484,0.412041443,0.659470838,0.499563263,1.765009344,2.465736951,28.03741895,18.51021803,193.219694,248.3411635,26.76705397,18.71595934,27.43650888,19.89881441,Indonesia,1382144.337,1710490.109
Indonesia,Daerah Istimewa Yogyakarta,2.006527445,2.689098165,30.09366847,22.18388267,209.9304897,199.7513217,0.90113227,0.807390406,0.951651615,0.928817532,1.897559134,2.644635911,29.78452496,21.3644976,207.1117647,187.4130298,30.7572051,20.7303363,31.82266616,21.29575283,Indonesia,2766700.871,3453838.067
Indonesia,Dki Jakarta,2.183257201,2.74115919,32.22298615,23.65184822,207.4881545,166.9353051,0.990717778,0.988113575,0.990414304,0.989040309,2.10532002,2.787370166,31.84100445,22.69653742,197.0048403,166.9290588,37.49158781,23.49327895,37.71199331,24.64297826,Indonesia,6934133.369,9350213.359
Indonesia,Gorontalo,1.64002761,2.637773758,29.8714292,21.63146203,203.728146,153.9226877,0.453169992,0.391189803,0.590987885,0.519181241,1.623751623,2.58034726,29.5606051,20.97686315,203.1808422,147.2653809,27.48006956,20.31823011,28.11686773,20.83791075,Indonesia,649396.1897,1032088.136
Indonesia,Jambi,1.2138238,2.840423089,30.26316163,21.69014916,185.2985875,235.7743144,0.657917486,0.384035239,0.784070085,0.430132498,1.337653705,2.666042915,29.56347645,20.73652049,189.6061662,217.7183221,27.5318156,20.49939196,28.09602633,21.29877515,Indonesia,1835304.833,3143969.305
Indonesia,Jawa Barat,1.787323674,2.41854313,29.62157609,20.774817,208.0476112,217.1125135,0.800212275,0.7355118,0.869746768,0.875863901,1.655428669,2.450779693,29.33091722,19.92502543,200.0073965,213.6025595,30.38658368,19.96199339,31.14303016,21.04049141,Indonesia,29577376.27,43642145.14
Indonesia,Jawa Tengah,1.864421961,2.575789412,29.93051599,21.10496491,210.3740429,218.8974338,0.829316675,0.732156265,0.896638693,0.888967795,1.790944827,2.540654659,29.62522674,20.2804724,206.6756536,211.0560395,29.9772013,20.3390063,30.97973433,21.16580583,Indonesia,29318328.7,32088271.23
Indonesia,Jawa Timur,1.986202488,2.549223688,30.21708242,20.85361245,208.8146782,166.5155568,0.851718281,0.748268537,0.901121791,0.870031978,1.992263054,2.471364096,29.90765554,20.0410014,208.0150896,159.0997844,30.80235352,20.24446137,31.44702075,21.45711883,Indonesia,31245897.62,36950232.85
Indonesia,Kalimantan Barat,1.181874074,2.889672264,31.26211332,23.06745722,179.4917853,277.2494594,0.677792541,0.342269945,0.776795895,0.409651681,1.234632388,2.794757565,30.77189955,22.39192328,186.9021086,264.5511078,28.27279644,21.39919496,28.66315216,21.94358797,Indonesia,3246349.273,4427888.475
Indonesia,Kalimantan Selatan,1.169130374,2.87874265,31.48805596,23.52059515,195.7840843,224.679638,0.780654298,0.493870888,0.856204322,0.573390695,1.139331973,2.799493057,31.02129931,22.91693749,196.6431365,206.8134932,29.13843024,21.26429776,29.97214485,21.91589236,Indonesia,2341492.171,3655795.723
Indonesia,Kalimantan Tengah,1.040642445,2.882687666,31.29556206,23.4436205,188.5918082,259.8562656,0.626325939,0.261368464,0.73549366,0.295032308,1.029665002,2.7940401,30.84358095,22.82533912,192.598455,234.1415457,27.69851964,21.29102953,27.97668655,21.98496878,Indonesia,1426029.614,2241793.432
Indonesia,Kalimantan Timur,1.37791598,2.859830422,30.72364489,23.75409409,187.8073319,251.2399602,0.62914385,0.343379549,0.682281361,0.408934372,1.371652337,2.794215235,30.22157351,23.19188465,194.3828224,217.926945,27.35071266,20.92949419,27.30862404,21.57903107,Indonesia,1679771.653,3631366.394
Indonesia,Kepulauan-riau,1.873498719,3.099458774,31.41856006,23.61474369,182.6934818,210.2058694,0.857109374,0.55296712,0.917012134,0.638662686,2.015850231,2.939585711,30.83447869,22.79102258,188.7076009,200.6534954,28.38353873,22.83474644,28.78321013,23.16090528,Indonesia,625267.4006,1525912.331
Indonesia,Lampung,1.670560942,2.717398527,30.73832358,22.16371323,200.4342561,201.3900997,0.827397905,0.621216102,0.90140575,0.738526471,1.704554026,2.709853232,30.2443279,21.18650044,194.8488119,200.7632937,30.30362305,20.891046,30.27758679,21.82002476,Indonesia,5775342.589,7618138.057
Indonesia,Maluku,2.483881646,2.809350536,29.50333816,23.02636333,200.7535191,253.6922925,0.583566959,0.370001689,0.731398269,0.52641293,2.276435824,2.809140297,29.23074895,22.85831395,201.4728629,211.5650993,26.36531815,20.05329455,26.55636938,20.8092838,Indonesia,658987.9478,1276957.134
Indonesia,Maluku Utara,2.08481626,2.733361131,29.31230765,22.294723,198.3280442,196.639564,0.455500266,0.324597563,0.602158565,0.447209604,1.929912454,2.743678052,29.14255871,21.90178538,199.1243819,175.0175599,26.30505515,20.3712882,26.37300143,20.75065153,Indonesia,365213.2848,1122059.916
Indonesia,Nangroe Aceh Darussalam,1.957367781,2.709192781,29.23639338,21.41909777,179.6318229,211.3858522,0.578163641,0.417941388,0.669503905,0.487831979,1.844907776,2.553826478,28.77788925,20.51495762,189.3131493,201.4453403,26.85924294,19.80932136,27.30268558,20.55760926,Indonesia,3878556.201,4456321.206
Indonesia,Nusatenggara Barat,2.563904536,2.593453208,30.06664481,20.46551389,199.5632567,133.9432942,0.683673134,0.568630916,0.798435917,0.727381626,2.540924068,2.553962349,30.0265868,20.35733516,200.1993077,131.0796294,28.56023366,19.62554971,29.52362296,20.715263,Indonesia,3039901.369,4328943.705
Indonesia,Nusatenggara Timur,2.58777502,2.519753652,29.80546384,20.9941773,229.2413265,117.0666694,0.646379971,0.512401843,0.76670666,0.621379595,2.52313331,2.506360296,29.90934771,20.89711789,226.7162685,123.123255,28.72877185,19.53141859,29.64816202,20.69601646,Indonesia,2752617.108,4551137.176
Indonesia,Papua,1.987943308,2.477422764,28.62658131,20.0879908,185.5500362,270.8114938,0.43216629,0.22125664,0.508751103,0.264310645,1.927910826,2.452679698,28.00358686,19.4452525,198.4362919,255.2493135,24.62247859,17.96669914,24.88109237,18.66577749,Indonesia,687713.9644,3280643.494
Indonesia,Papua Barat,2.25767953,2.811361566,29.51667423,22.68309618,187.1477064,284.5733569,0.50518927,0.26679496,0.607439688,0.339195482,2.065132692,2.812843061,29.24061903,22.38245316,198.9645211,250.1800821,25.91647603,19.97629957,26.06768679,20.7844288,Indonesia,260320.4167,814541.366
Indonesia,Riau,1.313348047,3.005379793,31.91686288,23.01712797,179.209663,242.2885181,0.786624428,0.475902044,0.881892843,0.485469101,1.404085246,2.828167081,31.21776704,21.98484765,188.686416,218.0771984,29.48411966,21.78166476,29.73626464,22.39174527,Indonesia,2490306.594,5719247.677
Indonesia,Sulawesi Barat,1.662899769,2.509308586,28.61938806,20.79048909,197.1712524,206.5050484,0.421016261,0.332635822,0.561324837,0.425816192,1.672939605,2.436940868,27.86507762,20.01340331,203.1173428,200.5529391,26.50525771,18.97255474,26.60032507,19.59153979,Indonesia,530221.0213,1191793.143
Indonesia,Sulawesi Selatan,1.818519328,2.605740096,29.93184904,21.53267052,207.3844146,198.8001647,0.696556647,0.551368785,0.774614781,0.657881799,1.796042004,2.55072288,29.43965591,21.02077541,207.625032,200.1217752,28.87760052,20.06218701,29.19061891,20.75865733,Indonesia,5684321.19,7979300.739
Indonesia,Sulawesi Tengah,1.764358191,2.527772549,28.82576195,20.88831645,195.6865644,167.0973578,0.392275938,0.326282009,0.519716201,0.420239737,1.741789544,2.487323418,28.37890248,20.31836354,200.7534419,161.086225,26.31587478,18.93382949,26.38741195,19.67054557,Indonesia,1432455.456,2564557.038
Indonesia,Sulawesi Tenggara,1.961884737,2.711429376,30.42137867,22.45513775,212.0324439,162.2437959,0.57866829,0.373706074,0.713473538,0.551080225,1.875670431,2.713424417,30.0389659,22.06278486,210.3226145,172.9649202,27.17814468,20.31143165,27.51395167,20.94401331,Indonesia,1167105.093,2202888.648
Indonesia,Sulawesi Utara,1.85488434,2.673249035,29.17084928,21.16460656,207.2715557,224.989004,0.523360622,0.436171916,0.703644433,0.606739185,1.874197696,2.627707675,28.90985442,20.55525775,203.3725493,211.4028989,27.01249447,20.17101331,27.30832026,20.64668883,Indonesia,1386284.728,2229242.768
Indonesia,Sumatera Barat,1.575372997,2.565982727,29.37322001,19.68871865,179.4404923,260.3045472,0.551655738,0.473271062,0.641632162,0.542079853,1.51162769,2.394669955,28.66854135,18.68384814,187.1880048,230.6349021,27.658505,18.75867271,27.76583961,20.10733514,Indonesia,3665505.037,4876393.119
Indonesia,Sumatera Selatan,1.292611374,2.793851026,30.43295698,21.63233731,194.9308658,238.4635222,0.748349467,0.458342973,0.84543125,0.529385216,1.406011654,2.648389211,29.8176413,20.67797466,193.9635655,232.5194248,28.60041885,20.21760761,28.94204219,21.17833378,Indonesia,6227299.541,7442163.359
Indonesia,Sumatera Utara,1.571982685,2.734634675,29.95637449,20.69930896,173.1343968,242.5428514,0.622262671,0.494597468,0.705070253,0.567957061,1.48940105,2.56090432,29.3825998,19.6750034,186.6748955,219.8318146,28.72402851,19.5808575,28.78230803,20.7143764,Indonesia,9803271.963,12903533.27
Lao People's Democratic Republic,Attapu,1.697256011,2.514543014,30.76236471,21.17452534,230.3062129,211.65028,0.438475937,0.278603446,0.540572301,0.344307123,1.738726006,2.450165592,30.18929711,20.34528032,223.9370634,211.403932,27.82451984,20.24520457,28.35634008,21.15423604,Lao People's Democratic Republic,75195.12549,130703.4189
Lao People's Democratic Republic,Bokeo,1.377758716,2.167898971,30.32983804,18.38587037,205.684275,136.9219371,0.172045853,0.192467603,0.236004094,0.207785657,1.018610858,2.136319275,29.80365924,17.5232094,200.5348883,136.3413953,24.77232828,18.37765093,25.05292935,18.98766883,Lao People's Democratic Republic,118553.9072,168020.3129
Lao People's Democratic Republic,Bolikhamxai,1.500969082,2.234882297,28.9578844,19.08655105,205.5740586,210.9049436,0.322604874,0.274496224,0.420087369,0.311768761,1.435822022,2.208925787,28.43775198,18.46467548,198.9382155,208.134402,26.25160638,18.44479838,26.47367864,19.29763355,Lao People's Democratic Republic,179121.4327,287217.9527
Lao People's Democratic Republic,Champasak,1.689806989,2.56019493,31.46751209,21.92039413,234.7425512,182.7984168,0.635439535,0.359538896,0.729727959,0.450044175,1.694210953,2.492188343,30.90000404,21.18384467,227.3050378,183.5184629,29.31060303,20.77259093,30.17138399,21.73518221,Lao People's Democratic Republic,511225.698,675918.3385
Lao People's Democratic Republic,Houaphan,1.780458446,1.914388261,25.83398763,16.64409147,185.0758473,117.4480333,0.479279502,0.446978214,0.398371041,0.414059853,1.667710248,1.918030472,25.28970166,15.847524,177.2411575,113.6591353,23.99300846,16.11493887,24.13956577,16.91586253,Lao People's Democratic Republic,235909.7634,308194.969
Lao People's Democratic Republic,Khammouan,1.498151542,2.348189779,29.61919857,20.16234553,219.2429097,194.917865,0.442303402,0.319836255,0.572338534,0.383665032,1.436009346,2.324367046,29.16282351,19.50272592,212.6596207,197.9456808,27.37727559,19.21582605,27.92895218,20.41041777,Lao People's Democratic Republic,233318.336,372077.4822
Lao People's Democratic Republic,Louang-Namtha,1.476715657,1.981861654,28.6638326,16.90175468,199.349912,142.5432607,0.214224799,0.222500498,0.163868278,0.201153389,1.132754787,1.969472743,28.06438551,16.02239409,192.6968634,140.646964,23.87985707,17.3847836,24.13779525,17.85244839,Lao People's Democratic Republic,65261.93541,168752.1234
Lao People's Democratic Republic,Louangphabang,1.632200805,2.037029677,28.96772486,17.63564599,194.60329,135.9953354,0.281072245,0.299946768,0.250931861,0.263070181,1.36519454,2.037247761,28.38066918,16.83509757,187.1705152,129.179494,25.04901168,17.82510671,24.72312728,18.3923168,Lao People's Democratic Republic,312866.7113,430519.2423
Lao People's Democratic Republic,Oudomxai,1.540120021,2.011763613,28.97690801,17.34844261,197.3703143,131.4662785,0.261957425,0.270783649,0.210938855,0.244164696,1.213969534,2.007410793,28.39476378,16.4754202,190.156819,127.0118559,24.47870796,17.30695361,24.61516387,17.92995442,Lao People's Democratic Republic,225293.1484,304183.1629
Lao People's Democratic Republic,Phongsali,1.630925833,1.912434653,26.89482787,16.05327816,191.3313841,139.6114932,0.411813632,0.374409436,0.291382755,0.299818586,1.392131845,1.912271753,26.28289533,15.14173947,182.5012282,139.0630348,23.88916021,17.01816147,23.69265965,17.446779,Lao People's Democratic Republic,132704.6584,184955.8235
Lao People's Democratic Republic,Salavan,1.643636102,2.399892817,30.06590406,20.87291366,228.1754071,163.5060212,0.486239312,0.35701336,0.62479937,0.414716351,1.664593599,2.354383692,29.53227123,20.0914378,221.8383095,162.1743813,28.38162527,19.54041214,29.15033111,20.57486669,Lao People's Democratic Republic,263299.2137,376539.5704
Lao People's Democratic Republic,Savannakhet,1.535375397,2.44025214,30.8058187,21.21696919,226.8194518,146.2728392,0.623140576,0.3665244,0.761268244,0.441894251,1.480469989,2.408212647,30.29673376,20.48271105,220.0843815,148.9384714,28.93765766,19.74057658,29.88390804,20.89365526,Lao People's Democratic Republic,626012.4213,895753.5785
Lao People's Democratic Republic,Vientiane,1.525368217,2.286798552,30.41172403,19.33058655,203.0471277,178.9792381,0.365999927,0.281636064,0.490368227,0.336610069,1.296694724,2.253089776,29.88806234,18.68916138,197.5545258,174.2174785,26.59949234,19.25143411,26.86004096,19.85826287,Lao People's Democratic Republic,293364.2011,438395.6602
Lao People's Democratic Republic,Vientiane capital,1.454840672,2.482308168,31.43427442,21.07905249,206.664332,149.0542578,0.799204186,0.556881952,0.892834238,0.67005638,1.177690799,2.438540796,30.92832216,20.46888376,201.8284901,148.476889,29.8224505,20.64647187,30.49320839,21.35714473,Lao People's Democratic Republic,553778.3885,805439.2746
Lao People's Democratic Republic,Xaignabouli,1.451480472,2.211959601,30.82035012,18.83124185,206.4014549,110.7163553,0.209798397,0.241508511,0.323013306,0.253573126,1.134385578,2.174121048,30.3667425,18.1291275,201.9509799,108.9692987,25.80443444,18.36743372,26.37681366,19.17987046,Lao People's Democratic Republic,228198.6441,358417.5133
Lao People's Democratic Republic,Xekong,1.77285585,2.183212214,27.70342152,18.37542892,222.7745194,216.8270507,0.26628232,0.286858545,0.320648678,0.292278093,1.843390986,2.137556995,27.16462153,17.56100396,217.1800673,210.7978087,25.76178239,17.39800021,25.97464205,18.18806209,Lao People's Democratic Republic,74787.35191,108976.7457
Lao People's Democratic Republic,Xiangkhouang,1.783713216,1.798372191,26.4587139,16.26511643,193.8525418,137.862974,0.325438767,0.322401992,0.242891369,0.278615145,1.660313388,1.796101361,25.9062392,15.60338707,186.7874458,132.4723601,24.46773619,15.61452252,24.08472997,16.23922311,Lao People's Democratic Republic,193345.3822,261474.6426
Malaysia,Johor,1.448486157,3.021210593,31.81916485,22.96161193,175.4861985,206.9763989,0.790374575,0.514688752,0.873339576,0.4942968,1.582239423,2.845608072,31.14697364,21.97354933,187.6126164,200.0349136,29.39920409,21.89938694,29.4707062,22.27892136,Malaysia,2121048.858,3265978.091
Malaysia,Kedah,1.712341306,2.967294035,32.35378759,22.93331008,195.2842036,205.6083713,0.748250413,0.529849792,0.849170453,0.627626762,1.685366046,2.813583847,31.85924219,21.99904121,202.105716,198.0572549,29.17129215,22.13330954,30.29469349,22.80060785,Malaysia,1266037.14,1823156.212
Malaysia,Kelantan,1.69042824,2.936844918,30.84496399,23.12333989,196.933751,237.9592656,0.723909969,0.544878356,0.823980547,0.634505714,1.659152257,2.784273019,30.30770477,22.20400133,203.621788,230.7037121,29.24865883,21.39189466,29.56625107,21.99068649,Malaysia,1112701.125,1473861.314
Malaysia,Kuala Lumpur,1.321853051,2.978207392,31.97700082,22.96224875,166.13171,222.7161562,0.984059948,0.962748946,0.977179377,0.966522094,1.35118907,2.787752906,31.29924359,21.82867864,187.8183538,205.0517558,36.42670365,24.34090801,37.08603976,25.01507495,Malaysia,1046517.645,1574570.098
Malaysia,Labuan,NA,NA,NA,NA,NA,NA,NA,NA,NA,NA,NA,NA,NA,NA,NA,NA,29.52044906,23.98856829,29.62725054,23.90833289,Malaysia,56732.8221,76648.85591
Malaysia,Melaka,1.679194656,3.021213616,32.16818252,23.46871696,171.5023139,172.5024468,0.929532122,0.697528198,0.961388929,0.741188171,1.733946792,2.841318475,31.47972005,22.38686184,188.8666003,167.0938524,30.34250537,22.44476792,30.99922373,23.05331529,Malaysia,443937.4667,767361.5858
Malaysia,Negeri Sembilan,1.365757288,2.90514597,31.54975742,22.99024671,168.9314946,178.8600025,0.667044554,0.484837791,0.761124539,0.49875299,1.4225252,2.725892803,30.85589984,21.87665836,188.2062265,169.5514478,29.07971121,21.65745104,29.50563195,22.21905612,Malaysia,696882.277,968455.4688
Malaysia,Pahang,1.239697603,2.827468491,30.42087776,21.41991236,168.6154792,229.0708007,0.481965379,0.320269947,0.610387091,0.341286425,1.359971496,2.652800806,29.77131303,20.3615335,186.7027097,215.0300293,27.20772514,20.23568673,27.5858946,21.09846569,Malaysia,1050345.113,1447978.686
Malaysia,Perak,1.641032733,2.952053505,31.39526464,22.25602487,175.1881574,239.7070031,0.653167297,0.427444762,0.727879608,0.484278022,1.638662057,2.777912585,30.82431849,21.22730522,193.064893,225.6922215,28.48441128,21.22832125,28.85819297,21.9367393,Malaysia,1690810.496,2299135.153
Malaysia,Perlis,1.950529391,2.98794723,32.23777843,23.53974174,201.9426347,191.1761234,0.815773105,0.589500376,0.897134271,0.706439374,1.918036096,2.845582243,31.78964924,22.66235119,204.0580725,184.5415063,28.28392943,23.02148345,29.65904804,23.33326358,Malaysia,222389.1297,312295.3735
Malaysia,Pulau Pinang,1.973123031,3.07410934,32.29927981,23.46585596,186.2090006,221.6418777,0.886884973,0.741544151,0.937914969,0.854524792,1.956742245,2.907863212,31.78053642,22.49364912,199.3074422,212.8722624,30.81666145,23.07595151,31.66489032,23.62129295,Malaysia,947055.1393,1463313.685
Malaysia,Sabah,1.790483975,2.709701837,29.75468912,22.41963323,201.3545628,224.0129839,0.524421249,0.365994033,0.624628656,0.424516537,1.735335773,2.667291014,29.2859667,21.99311935,204.076815,204.063064,27.40971569,20.35740216,27.1792092,20.86625707,Malaysia,1521245.063,3122332.464
Malaysia,Sarawak,1.316801171,2.861780148,30.78638796,22.59177889,172.3060109,309.1616136,0.620146715,0.327291547,0.677411553,0.320975866,1.352613585,2.777257217,30.34471645,22.00872322,184.7311044,289.255254,28.00106402,21.56773371,28.05860877,21.87817618,Malaysia,1730552.343,2407560.633
Malaysia,Selangor,1.615333147,2.989772945,31.86309034,23.0391973,166.6515524,215.8472937,0.811950384,0.623756422,0.865059904,0.684193928,1.623783164,2.804529214,31.19935223,21.91814276,188.9144917,199.0886283,30.50147288,22.41803211,31.39073929,23.07641743,Malaysia,3061472.69,5578126.818
Malaysia,Terengganu,1.714153944,2.966841498,30.57067521,23.15344676,185.0274719,277.4410959,0.658895759,0.429481236,0.739350985,0.451033319,1.800487855,2.801934281,29.99515388,22.2041122,196.1848801,265.3171158,28.57664631,21.49496006,28.94212836,21.78800689,Malaysia,741132.2035,990282.9915
Myanmar,Ayeyawaddy,1.247936562,2.785635717,31.70761866,22.84832504,206.1301479,225.4693856,0.918645734,0.642836046,0.948921964,0.737267669,1.102114858,2.713405954,31.5496614,22.27009736,207.4825933,216.3157857,30.94534641,21.5979716,31.15564589,21.8304063,Myanmar,3287180.126,6356417.132
Myanmar,Bago (E),1.054101093,2.571811162,31.8867649,21.14666725,208.3483365,210.397064,0.683520127,0.454867357,0.739622453,0.545004957,0.932572953,2.508854104,31.72553272,20.4905882,210.566725,211.8279335,30.14882406,20.58187209,30.31705694,21.2365505,Myanmar,1446127.554,2940470.077
Myanmar,Bago (W),0.919020103,2.604168283,32.24233973,21.47697812,207.6242741,139.3262136,0.836285087,0.598090097,0.849279651,0.644181844,0.863153905,2.543348078,32.12324265,20.84129168,210.6652156,139.7141618,32.24965163,20.92162275,32.41958979,21.26524503,Myanmar,983676.919,2013402.655
Myanmar,Chin,1.241820205,1.908739503,24.65124792,16.37348492,205.0086024,186.7675685,0.244220778,0.25356792,0.258967556,0.262442205,1.192659868,1.871801042,24.44732944,15.78373463,210.5126295,191.8467627,24.27449288,16.02765919,24.29439567,16.25912859,Myanmar,213788.966,495507.8972
Myanmar,Kachin,1.185060031,1.912928387,24.93390021,14.68334814,186.1347218,175.9656263,0.279538137,0.214419569,0.316498873,0.216474774,1.151553882,1.871457066,24.44131215,13.85545463,188.2391712,178.147927,21.51473701,14.11435621,21.27260078,14.29020321,Myanmar,515579.9297,1547392.945
Myanmar,Kayar,1.18487725,2.177743933,30.08120473,18.57782244,212.2654251,101.7641682,0.311944864,0.363687933,0.295423199,0.343963376,0.930549123,2.11091696,29.84081157,17.82389491,215.0772594,104.0270316,27.84610815,19.47799359,27.65797013,19.91002363,Myanmar,129286.4235,284336.6014
Myanmar,Kayin,1.009097265,2.466666158,31.00240557,20.40193925,212.2370856,206.1038909,0.4548876,0.326089738,0.574640882,0.424703852,0.942442667,2.404194452,30.7915861,19.77579824,210.7459031,209.5653774,27.56003062,19.72126836,28.5895436,20.48535354,Myanmar,701888.2068,1512044.768
Myanmar,Magway,1.085448491,2.353561969,31.33397993,21.0815033,211.1018648,83.74248253,0.735906829,0.531297483,0.775430792,0.568890618,1.032498234,2.308140841,31.1644836,20.40687651,215.9075612,86.14477581,32.9708613,20.65596375,32.78300491,20.9402607,Myanmar,2443154.007,4166996.053
Myanmar,Mandalay,1.150871114,2.350794258,31.71387437,20.98819817,210.202204,81.18371432,0.746209194,0.499683814,0.79329959,0.573216675,1.062870052,2.300857689,31.44940732,20.21838015,215.6795722,80.55122683,32.68361235,20.48105308,32.37998625,20.89901981,Myanmar,22210986.51,9260258.487
Myanmar,Mon,1.419469006,2.684059272,31.66708563,22.24866678,210.150688,358.9102915,0.816873363,0.498022511,0.902715873,0.641650569,1.380895393,2.618713402,31.46622967,21.64628404,208.4730056,360.2799463,30.11694219,21.18487348,30.97824812,21.65437822,Myanmar,1294236.002,2056814.259
Myanmar,Rakhine,1.584838801,2.576399066,29.55718042,21.24587662,209.7194174,319.5647809,0.605565348,0.418619345,0.697619247,0.477589196,1.567479169,2.5304974,29.46613456,20.62796261,212.8568727,341.7450139,28.18276612,19.90937304,28.25684393,19.86593066,Myanmar,1366336.395,2181580.489
Myanmar,Sagaing,1.031949971,2.380819424,30.09763717,19.71385085,199.6871492,131.7760754,0.515974574,0.383847747,0.594231846,0.406589934,0.989939351,2.329966214,29.7757042,18.98070907,206.7382768,132.8548733,29.11303853,19.38582806,28.73132175,19.60175611,Myanmar,2583271.759,5414667.513
Myanmar,Shan (E),1.321799869,1.932866645,28.41977478,16.5110809,204.4538013,124.8832582,0.193404911,0.256597332,0.182557264,0.222893623,1.026060486,1.89069079,27.87966862,15.63379769,201.9152534,127.011748,24.79124933,17.00887827,24.63113176,17.41896093,Myanmar,286732.0478,875533.7273
Myanmar,Shan (N),1.165580196,1.777077888,27.34562452,15.73921814,197.0622924,119.4419204,0.211381442,0.263712908,0.206862129,0.247911859,1.050060727,1.755151591,26.8210887,14.79229859,198.8791111,123.1880903,24.49836233,15.73093919,24.2039656,15.85782749,Myanmar,913453.5492,2358372.148
Myanmar,Shan (S),1.208620318,1.934824727,27.5330509,16.54512023,209.479496,124.200345,0.234961634,0.360011877,0.235690691,0.339278221,1.039535079,1.879336189,27.2102593,15.73711475,213.0747924,125.5532644,27.32366321,16.67306889,27.15614257,17.00598564,Myanmar,869590.9583,2300088.591
Myanmar,Taninthayi,1.3463481,2.71136773,31.22528548,22.48924056,211.1787699,270.0068174,0.453794504,0.248404659,0.586053606,0.34090154,1.500188696,2.619370348,30.75784615,21.86427819,210.3223222,262.4785095,26.77507165,20.53587072,27.39833945,21.37064697,Myanmar,547708.846,1345138.257
Myanmar,Yangon,1.577551051,2.764918552,32.23236183,22.92195884,205.192133,231.3387969,0.967343736,0.77208371,0.984321826,0.873211749,1.50326858,2.694527171,32.0651585,22.33486243,205.6083251,227.3253158,33.83967311,21.94857006,33.70999002,22.60332332,Myanmar,2266321.11,6731703.066
Philippines,Autonomous region in Muslim Mindanao (ARMM),1.60161597,2.901472392,31.29871522,22.43470106,191.4038274,210.8151285,0.776239811,0.66385375,0.797287335,0.596471033,1.61675419,2.831976181,30.95962124,21.79594469,196.9391847,181.5807063,27.5221247,21.21535136,28.03888251,21.64891484,Philippines,12035960.4,3545278.046
Philippines,Cordillera Administrative region (CAR),2.066388618,2.345517146,26.91232942,18.89393823,195.3021921,228.3018347,0.543817335,0.427896099,0.567504597,0.455426818,2.099917014,2.285210018,26.6771323,18.28210015,192.7221561,223.928885,26.13227266,17.36029008,26.14947032,17.6584929,Philippines,894055.3811,1676477.79
Philippines,National Capital region (NCR),2.65200858,2.875828603,31.45088955,23.98574,183.5239169,200.0514099,0.970494558,0.927242911,0.984228733,0.975436922,2.511641519,2.785783597,31.32454736,23.34755848,183.9990681,192.2939961,35.47631555,23.23366834,35.6225185,23.81983353,Philippines,7768156.39,11992900.13
Philippines,Region I (Ilocos region),2.392420401,2.660110512,30.40056033,22.08632827,206.9208855,209.425387,0.840907608,0.680604808,0.852255668,0.733767949,2.454732418,2.589205293,30.19050477,21.49785222,204.1049009,211.4980258,30.40737408,21.04741579,30.10727245,21.56861259,Philippines,2720862.956,4658739.512
Philippines,Region II (Cagayan Valley),2.474323974,2.672217948,28.95006022,21.11390806,189.7357508,200.7172591,0.659507686,0.496630533,0.713129783,0.541028278,2.466619279,2.610262334,28.66985342,20.48413768,187.8201791,195.2130843,27.11260236,19.34683198,27.39502523,19.87150524,Philippines,1721061.977,3227991.59
Philippines,Region III (Central Luzon),2.288719085,2.691140003,30.57112882,22.45090242,196.9946611,217.9762202,0.77053542,0.576770872,0.817592272,0.673864486,2.222713367,2.607720775,30.42792276,21.85210624,195.4391933,213.0448371,29.31334644,20.40766766,29.61038142,21.07050364,Philippines,5656286.01,9828399.879
Philippines,Region IV (Southern Tagalog),2.269190426,2.88334507,29.98286958,23.26280076,181.8197536,213.8786481,0.735710354,0.51858561,0.795932308,0.582455851,2.357613764,2.80170985,29.83478075,22.67296453,188.9451784,193.9140632,26.53660599,20.90220375,27.31841097,21.42756099,Philippines,1368491.569,2504857.221
Philippines,Region IV-A (Calabarzon),2.152339698,2.845200351,30.33260429,23.00290058,182.4997809,194.745818,0.778684986,0.60646537,0.861061221,0.737250302,2.0643707,2.751360609,30.20569871,22.36063385,184.8298838,182.3365148,27.98721583,21.40131449,28.75164957,21.8682293,Philippines,6171247.961,12430884.4
Philippines,Region IX (Zamboanga Peninsula),1.583738344,2.905429395,31.52953436,22.68499505,183.3566758,247.3182535,0.719945057,0.46436333,0.80347508,0.529583899,1.683904118,2.830385846,31.20000817,22.04168161,190.4748418,201.566114,27.78370899,20.5009423,28.47056178,21.6591349,Philippines,1680091.926,3125274.608
Philippines,Region V (Bicol region),2.201148257,3.001193657,30.55645042,23.51328484,178.1127019,277.0547348,0.790645848,0.529549177,0.855875927,0.621020412,2.256348007,2.902481043,30.38353142,22.88119224,187.7013848,241.7128004,27.15506828,21.7060196,27.56477363,21.93930543,Philippines,2673287.926,5143758.152
Philippines,Region VI (Western Visayas),1.88938648,2.95251741,30.36497078,23.54202009,177.6015264,267.5256344,0.85752731,0.604766794,0.871370564,0.657496366,2.02830668,2.870568669,30.18797077,22.95836722,188.9000315,220.4279088,28.19757543,21.45047436,28.81194874,21.99587279,Philippines,3983090.458,6645504.267
Philippines,Region VII (Central Visayas),1.742727198,2.95200903,31.06272737,23.15951295,172.8606155,195.2440944,0.851987603,0.602378057,0.874100401,0.655906798,1.829633755,2.868287739,30.82190684,22.57148035,182.2377688,149.523947,28.78763786,21.68699407,29.05351555,22.15244807,Philippines,3331682.976,6273737.198
Philippines,Region VIII (Eastern Visayas),1.89206719,2.98780436,29.96782847,22.68922545,179.3237673,297.291625,0.683332308,0.44491217,0.732070645,0.483833594,2.031435361,2.898456839,29.73126874,22.12490831,189.7429721,245.9230184,26.52926846,21.14634257,26.70434954,21.40964388,Philippines,2161393.457,3763040.923
Philippines,Region X (Northern Mindanao),1.599387754,2.818445961,30.61738462,21.79895594,188.1529387,269.3312939,0.624605646,0.438256399,0.675429182,0.498035526,1.743215236,2.737659576,30.30611742,21.15596115,193.0424458,219.0220103,27.45021105,19.22470564,27.51909974,20.26539608,Philippines,1908019.296,4180358.664
Philippines,Region XI (Davao Region),1.482094403,2.819354578,30.67407256,21.77516041,185.5981129,225.1580164,0.569090484,0.387884824,0.66182011,0.464818864,1.577432737,2.743768417,30.35940901,21.11205157,189.9739509,201.925969,27.27829542,19.85558157,27.38799815,20.28939053,Philippines,2010006.355,4199130.611
Philippines,Region XII (Soccsksargen),1.316625021,2.755269066,30.96783943,21.5089936,187.7182674,185.2815983,0.655515629,0.479243391,0.715941938,0.537813392,1.362088004,2.689518362,30.6114437,20.77742636,193.7244206,162.5864466,28.43575762,19.44353901,28.82139087,20.32365509,Philippines,1981195.651,3857885.098
Philippines,Region XIII (Caraga),1.583610721,2.973704363,30.84177459,23.27254165,184.6927047,356.3731968,0.651796238,0.380111801,0.684067479,0.418298819,1.726578489,2.888895681,30.53396666,22.65661671,190.0587503,313.1150618,27.09975835,21.03723807,26.99622831,21.29445453,Philippines,1313429.796,2349557.683
Singapore,Ang Mo Kio-cheng San,1.900842708,3.105357457,31.37783941,23.89721094,177.2374323,203.3550651,0.976347699,0.920119412,0.977305788,0.916130552,2.038613609,2.93271181,30.74482893,22.98384612,186.1483941,194.1305047,33.12942405,23.9760624,32.53025587,24.8165524,Singapore,384616.6961,598933.8162
Singapore,Bukit Timah,1.934139675,3.112998255,31.55634957,23.677262,176.0359662,205.4300791,0.963610032,0.848707129,0.957810938,0.826305108,2.061645817,2.940229683,30.93428765,22.77283395,185.1271515,195.3102581,34.67712322,24.90667775,34.76807133,25.18983351,Singapore,240006.25,263273.8238
Singapore,Central Singapore,1.894911317,3.099571934,31.37030658,23.83692593,176.195677,208.0449691,0.980022984,0.93642113,0.979311716,0.936291354,2.025053699,2.927986515,30.75006675,22.93795443,185.0184959,197.7212235,33.52528809,24.67787372,32.76829173,25.20707291,Singapore,256236.7889,262121.5162
Singapore,Hougang,1.964232692,3.110696538,31.32030128,24.01340385,175.9547436,205.6108333,0.992292867,0.98766848,0.990808752,0.986010357,2.100661351,2.938068887,30.68876173,23.10331457,184.7417292,196.1809256,36.64285745,25.36078351,35.48542859,25.55794632,Singapore,54067.20542,58880.14391
Singapore,Marine Parade,1.915914713,3.113541428,31.17871387,24.07426434,178.2746055,202.0094546,0.954913668,0.851566044,0.944195092,0.811160263,2.05438668,2.941723598,30.55533586,23.17492507,186.7209931,192.5080204,33.60405067,24.80550888,33.07889226,25.04434745,Singapore,548506.2284,570009.5785
Singapore,Northeast,1.882300201,3.105574669,31.22717118,24.08443624,177.6233047,202.9011345,0.98359692,0.945570647,0.98132333,0.933991823,2.018584754,2.933763062,30.60261509,23.18240327,186.2330659,193.2329709,35.61831963,25.03881908,35.0678449,25.41433146,Singapore,502854.1321,567946.9478
Singapore,Potong Pasir,1.90769902,3.102191667,31.3172402,23.92885294,175.107201,209.4715686,0.992500425,0.989535586,0.990679596,0.986043894,2.041402439,2.930394524,30.69579866,23.0284792,183.863912,199.2193448,36.27039892,25.33558798,34.7896688,25.7390911,Singapore,73991.82187,74612.60555
Singapore,Sembawang-hong Kah,1.858768569,3.102314297,31.57057435,23.65532108,177.5674401,200.9257211,0.936251746,0.757043865,0.928443736,0.71816719,1.993667536,2.929216006,30.9341232,22.73731122,186.7948865,191.8725477,31.49368581,23.54425795,31.21607013,24.3207987,Singapore,704446.2076,1100802.491
Singapore,Tanjong Pagar,1.987417173,3.111437972,31.43291076,23.80681005,176.1703762,209.6568573,0.987651082,0.960648704,0.985621505,0.953096369,2.113841834,2.939512965,30.82003514,22.9121618,185.0006637,198.8796616,33.50674613,24.86536611,32.98426959,25.33296464,Singapore,204131.3321,219111.9576
Thailand,Amnat Charoen,1.627656785,2.53846547,32.48297961,22.07386761,235.7313308,122.8639831,0.908371736,0.445389724,0.954838855,0.53144019,1.467782203,2.493724093,31.95353218,21.40964084,228.2315668,125.8650516,31.33607271,20.96177037,32.30666489,21.78027182,Thailand,458544.0637,282043.3964
Thailand,Ang Thong,0.945108168,2.751703256,33.23440068,23.41245791,220.6375571,78.72217405,0.933405895,0.798048617,0.93795748,0.79755641,0.967021624,2.657121332,32.84773938,22.72979653,218.1307124,80.27977584,30.96313612,23.27484289,31.18973688,23.83571281,Thailand,275776.4868,253437.2125
Thailand,Bangkok,1.529423129,2.862537489,33.05859092,24.5978359,212.2690292,110.7597611,0.988513043,0.966239167,0.989326719,0.974717672,1.682740397,2.755694445,32.64738915,23.91428229,208.8414044,111.2715641,36.04117743,24.63885077,35.07054675,25.25636261,Thailand,4606471.871,8422148.899
Thailand,Buriram,1.571212385,2.633717351,32.81515342,22.24951959,231.9408712,97.93174736,0.89148402,0.439281656,0.924082707,0.505445756,1.325790587,2.533317059,32.37389653,21.57845644,226.6715261,96.68406749,31.76293012,21.21559037,33.06555825,21.73994521,Thailand,1682712.885,1255782.331
Thailand,Chachoengsao,1.304403156,2.841553615,32.60485932,23.94790397,221.3611106,111.0053897,0.952414127,0.759523906,0.966094817,0.740489349,1.41556405,2.733512875,32.16680837,23.22169868,216.2623922,111.729799,31.69770062,22.66519636,31.58216268,23.69898513,Thailand,517281.4678,728789.65
Thailand,Chainat,1.037330966,2.753515724,33.27094468,23.43996,221.82623,80.47062416,0.930571764,0.707825719,0.939435239,0.713993697,1.019458615,2.663342256,32.92865208,22.80780852,219.7963867,81.34257258,31.57405189,22.82123473,32.10710327,23.44168044,Thailand,400763.9004,301815.9825
Thailand,Chaiyaphum,1.398169275,2.449248938,32.07905698,21.43024616,223.8472475,89.67905762,0.792168082,0.40393551,0.815703739,0.437320752,1.19484935,2.361636987,31.70369376,20.81859475,220.704185,89.77375025,30.84895345,20.68621494,32.02880922,21.39242903,Thailand,1185325.546,960614.8174
Thailand,Chanthaburi,1.639173277,2.820049135,31.77658635,22.99083662,219.1446492,192.1779811,0.783329087,0.504450893,0.852169996,0.605800074,1.738154459,2.717628505,31.25585076,22.26318075,214.2366236,193.1871357,29.50233305,20.66560943,29.63771269,22.23041091,Thailand,474390.3008,483160.4472
Thailand,Chiang Mai,1.184514105,2.186749207,30.67486091,18.98141302,211.3650756,88.78184654,0.417333304,0.392587917,0.478507795,0.425335915,0.910081171,2.125579192,30.36668988,18.19901951,210.1405876,91.90011522,27.81348087,19.04526515,28.03180969,19.60311896,Thailand,1264067.93,1761582.37
Thailand,Chiang Rai,1.248911773,2.275053481,31.25055107,19.4140766,210.6909342,120.5205747,0.485393041,0.366852585,0.586911005,0.368764778,0.893344031,2.216657853,30.81601676,18.56185362,207.0641814,122.0014744,27.9349051,19.04813111,28.1053828,19.80090965,Thailand,1064732.111,1176088.706
Thailand,Chonburi,1.620536323,2.868745027,32.14719806,24.34115169,220.6490246,107.9014974,0.948098283,0.712261341,0.96323654,0.779588475,1.791249478,2.759923658,31.68667113,23.64068815,215.844962,107.8623635,31.61941694,22.02194989,31.55095426,23.07044559,Thailand,679664.3899,1609243.94
Thailand,Chumphon,1.411035223,2.831621403,31.84149886,22.99930322,207.9698165,186.0034541,0.765359038,0.467046336,0.861192626,0.529921684,1.592615578,2.734021273,31.36766843,22.35737967,206.5717038,178.7672269,28.69806207,20.98530939,28.88748532,21.99838243,Thailand,378081.5873,458195.9584
Thailand,Kalasin,1.618984651,2.508176668,32.31502709,21.92596395,227.6211024,107.1052939,0.905189872,0.484451058,0.931654249,0.523293702,1.28127425,2.45551498,31.82533583,21.33867793,221.5911667,107.6818284,31.89178358,21.16296191,32.36769854,21.86357657,Thailand,994385.5991,819418.4834
Thailand,Kampaeng Phet,1.035517802,2.688005203,32.85888125,22.41867609,217.9673986,95.62794702,0.845180882,0.615683004,0.866065935,0.62354156,0.956925295,2.605832033,32.61531052,21.81750848,215.8373025,98.17058102,31.26661585,21.38499054,31.99516101,22.41124881,Thailand,577760.1761,805129.5757
Thailand,Kanchanaburi,0.930267,2.629280222,32.57043282,22.26292605,214.5164636,111.4357119,0.726455589,0.525441651,0.759280966,0.585494524,1.01147732,2.541142153,32.19059852,21.63288509,213.1531741,112.0124904,30.75329394,20.96073098,31.45910415,21.98473911,Thailand,654880.1763,820757.8193
Thailand,Khon Kaen,1.479752157,2.484933795,32.41513779,21.89899903,224.5897953,92.33182245,0.893802806,0.484904713,0.915892416,0.509831514,1.170627851,2.415391903,31.97343661,21.30809644,220.7662281,91.92725844,32.1207968,21.29682838,32.96422194,21.74142883,Thailand,1623330.228,1735641.485
Thailand,Krabi,1.762880425,2.950549234,32.28773506,23.68977294,224.7421069,183.1401204,0.836129593,0.456203976,0.928335401,0.5251577,1.746924298,2.828942522,31.81499461,22.97476616,219.9746286,176.2198305,28.48474496,21.59493912,28.67987637,22.50149196,Thailand,284681.993,354478.8027
Thailand,Lampang,1.154029178,2.36138271,31.88190004,20.06288433,214.4275648,84.10050121,0.534460179,0.470057838,0.599994396,0.487793373,0.920266472,2.303834011,31.57372381,19.33526052,212.0095441,87.18118629,29.09171076,20.52487676,29.4066714,21.19100288,Thailand,766117.9687,717904.6715
Thailand,Lamphun,1.116274497,2.315746252,31.66462122,19.75330465,212.7455731,78.08827376,0.602501456,0.534206157,0.67032097,0.539489473,0.896905352,2.25982962,31.38640753,19.02679327,210.9635622,81.09135039,30.07258179,20.43954193,30.20932974,20.9999414,Thailand,409310.3471,424021.759
Thailand,Loei,1.399781046,2.29909797,31.45653629,19.62253104,213.7398292,99.35822045,0.592764801,0.413418983,0.661163316,0.387447031,1.160306438,2.248337683,31.06244148,19.0412989,211.1650458,100.2154869,28.86111304,19.29038588,29.45830157,20.02359068,Thailand,703753.7521,551655.4317
Thailand,Lopburi,1.118779978,2.688033543,33.24720695,22.9727943,220.1827135,91.32748761,0.942213953,0.669971115,0.943511362,0.641865463,1.056389678,2.592505729,32.90411579,22.31486517,217.1645746,91.9339697,33.20433766,22.2516133,33.78825816,23.05832791,Thailand,665434.8952,772322.9239
Thailand,Mae Hong Son,1.169649398,2.141797747,30.27013555,18.61117179,211.0124875,96.10600326,0.214889909,0.272742564,0.233964945,0.270878285,0.909964825,2.081280351,30.00720211,17.85318032,211.7133378,99.13561071,26.2789725,18.84519575,26.41785113,19.37452244,Thailand,209262.0575,209800.3409
Thailand,Maha Sarakham,1.576257982,2.564527856,32.74638315,22.46306414,229.7912453,98.113339,0.936251661,0.496815485,0.962487822,0.543078236,1.247733116,2.486313622,32.28999659,21.85365615,224.6815443,97.61451667,32.2048362,21.26659955,33.34182225,21.8849481,Thailand,1037467.881,818229.1088
Thailand,Mukdahan,1.631736918,2.461909527,31.94118993,21.22735664,231.4608584,123.9660123,0.770507236,0.376459995,0.853817056,0.468229043,1.405928876,2.424762358,31.42843303,20.58037969,224.2751993,127.8454645,29.8126501,20.53863337,30.57950824,21.43800306,Thailand,260188.391,360598.5849
Thailand,Nakhon Nayok,1.10268276,2.696174447,32.24634973,22.75532258,219.1898373,108.6318256,0.781840893,0.628119511,0.807794075,0.663937692,1.14397118,2.595813825,31.84871475,22.05228453,214.565241,110.1035984,30.5081228,21.28800292,30.80054947,22.23865264,Thailand,223842.4251,247187.8483
Thailand,Nakhon Pathom,1.079896597,2.804209391,33.28792685,23.73951148,216.2250484,86.30180369,0.960961432,0.81733792,0.962195313,0.863965533,1.220615477,2.702456473,32.88174147,23.08993622,213.8875887,87.05203339,31.84748173,23.232573,31.9409683,24.08762049,Thailand,660651.8825,960916.8477
Thailand,Nakhon Phanom,1.516383057,2.476927187,31.50678032,21.22940884,220.9155913,163.0761612,0.897393396,0.552778698,0.942697457,0.558416656,1.306284939,2.446552612,30.99823625,20.59541512,213.9779392,167.2370763,30.96798257,20.61610548,31.38935724,21.25001453,Thailand,783268.6862,580829.5961
Thailand,Nakhon Ratchasima,1.428504839,2.570032477,32.55538341,22.06741238,226.5252145,92.57750419,0.853564154,0.439923027,0.890158528,0.490477122,1.210386318,2.46633539,32.16924938,21.40050399,222.1440226,91.23437313,31.65617879,20.74672879,33.20180633,21.73330782,Thailand,2403445.168,2477434.295
Thailand,Nakhon Sawan,1.068554065,2.721120495,33.57508125,23.25075398,220.3568432,90.17004548,0.942633783,0.671172803,0.948416078,0.657902995,1.017367293,2.632886376,33.27250998,22.62600467,218.248026,91.93209841,32.52409726,22.69535225,33.39992744,23.2773326,Thailand,1114263.041,980384.2781
Thailand,Nakhon Si Thammarat,1.483935524,2.860690392,32.25315223,23.36584071,221.4860026,173.0942509,0.769148552,0.533664444,0.857765993,0.596790105,1.547638153,2.744044549,31.79560873,22.64759029,216.6219469,162.5401341,28.83968919,21.63123255,29.25685489,22.1951582,Thailand,1515346.912,1496354.975
Thailand,Nan,1.367943246,2.28341214,31.00714183,18.99667815,209.33085,98.83436468,0.322100547,0.32345528,0.40121365,0.341362846,1.033760067,2.231354254,30.5828018,18.29641866,205.1798855,98.92853621,26.98735053,19.13651942,27.20311765,19.91791006,Thailand,457039.6038,476185.3321
Thailand,Narathiwat,1.770056467,2.932246782,31.33973892,23.39834511,207.2511503,197.9299818,0.728404801,0.483913535,0.844411978,0.613139595,1.718461508,2.79021344,30.84778968,22.5158067,209.6227127,195.7993347,29.02438021,21.44695063,29.26322968,21.87162863,Thailand,594282.4521,664723.4096
Thailand,Nong Bua Lamphu,1.449719516,2.433990831,32.12032165,21.1482958,217.0723096,93.51945591,0.919550535,0.614909024,0.928427281,0.528544711,1.133993654,2.384930534,31.65742742,20.58407703,213.7059665,94.24482776,32.2651811,21.26192618,32.38063056,21.49111253,Thailand,448053.9547,481494.3116
Thailand,Nong Khai,1.463290593,2.469873311,31.01346147,20.85332911,209.8136438,185.5950064,0.892249966,0.582664395,0.927251608,0.595799675,1.241744909,2.433594031,30.47724483,20.23822669,203.9835652,185.5465386,31.08327018,20.61914548,30.6810508,21.03700316,Thailand,934335.7894,826176.3268
Thailand,Nonthaburi,1.185661614,2.815170897,33.07187734,24.11911597,215.0637604,93.71895215,0.980273295,0.878701915,0.981634494,0.940642,1.318914898,2.711984372,32.66838862,23.44805101,212.0747138,94.22295164,32.42127154,23.44853001,32.85627246,24.29616241,Thailand,551881.527,1485399.366
Thailand,Pathum Thani,1.081444422,2.797006164,32.94367689,23.94112296,216.8577297,95.41718337,0.978179682,0.841019187,0.982290482,0.918954529,1.178813001,2.693601202,32.54536358,23.25161445,213.3628929,96.18773597,31.9208205,22.95165167,32.07062804,23.8399625,Thailand,387335.3147,1455798.118
Thailand,Pattani,1.914401074,2.975294451,31.79967601,23.94519326,213.7782058,161.7598694,0.937627833,0.721158783,0.972784605,0.81749008,1.883034156,2.838906874,31.34303778,23.0943826,213.0503246,159.8789066,30.14858076,22.70796512,30.57140914,22.92860493,Thailand,521492.2095,606866.6918
Thailand,Phachinburi,1.155433908,2.739461967,32.4285832,22.93240015,221.9444591,116.5130961,0.847504552,0.659832367,0.86878353,0.663235471,1.178665141,2.635940704,32.00339091,22.21114372,216.7541521,117.8508208,31.31529872,21.59479195,31.54210992,22.55977538,Thailand,288854.7755,550730.1251
Thailand,Phangnga,1.711127758,2.929306268,31.61707213,23.4636141,222.255887,252.5074955,0.664135523,0.370913095,0.793945248,0.491807563,1.689730854,2.813171088,31.12629885,22.79098997,218.0391712,245.218126,27.83399885,21.66741117,28.07861316,22.42645605,Thailand,196598.6196,255126.9303
Thailand,Phatthalung,1.417809546,2.860152224,31.8986255,23.37574707,218.0954652,178.8321933,0.789772185,0.5813441,0.858777284,0.63072585,1.461817658,2.737077055,31.45481276,22.57727437,213.8463376,165.8468003,28.84005623,22.45261794,29.12500086,22.55664543,Thailand,482940.0536,478246.0961
Thailand,Phayao,1.239953432,2.331967663,31.37963818,19.47385363,211.81551,95.98096676,0.48185261,0.39836757,0.565031008,0.386164764,0.917253552,2.264979421,30.98220442,18.70332157,208.2498776,97.44065122,28.64328695,19.68358077,28.79755212,20.45770511,Thailand,592928.8348,413545.8381
Thailand,Phetchabun,1.249414896,2.481120214,32.4432488,21.12016619,219.9148779,98.98947956,0.734155803,0.464293643,0.744911536,0.475434738,1.140323301,2.396940666,32.11479125,20.52029134,217.6366626,100.6678819,30.8834515,20.42856206,31.6161355,21.40219075,Thailand,963965.5719,934997.3423
Thailand,Phetchaburi,1.412582563,2.780805549,31.91980705,23.65334711,215.2648205,76.33649265,0.79549105,0.673980669,0.80953097,0.70557653,1.590422647,2.680245067,31.43831761,23.01703888,213.2542975,75.92734118,30.86929621,21.7124391,31.45095196,22.57018455,Thailand,363828.5122,474117.0339
Thailand,Phichit,1.095393199,2.728535121,33.67611128,23.08706873,221.1835569,93.97300064,0.970742527,0.678895626,0.97640337,0.676016952,1.010560536,2.633644941,33.4061004,22.49394902,219.1698244,96.36809285,32.52795969,22.76813384,33.45590106,23.23667539,Thailand,556683.4976,542985.2212
Thailand,Phitsanulok,1.184317384,2.583863433,32.67196393,21.73431805,219.3772271,101.2362171,0.788211704,0.584949048,0.801745999,0.574864357,1.035389959,2.502179816,32.39790534,21.15212334,217.2733561,104.4673159,30.28079176,21.31243245,31.01018831,22.20563146,Thailand,670429.9491,917455.733
Thailand,Phra Nakhon Si Ayudhya,0.968415149,2.762670276,33.15168847,23.50954766,218.6413875,86.10916394,0.959193853,0.836707298,0.959154183,0.843606006,1.014261321,2.664076977,32.7590428,22.82293953,215.6398742,87.53252001,31.30425497,23.46538574,31.6175397,23.8484166,Thailand,1108864.003,874433.8851
Thailand,Phrae,1.219967774,2.44703364,32.14750355,20.2105184,215.306066,88.14141324,0.570952712,0.473815063,0.651774953,0.513882066,0.964482906,2.387923156,31.818829,19.51790614,212.511251,91.17068837,28.87166558,20.6925698,29.06735802,21.42061063,Thailand,286997.0781,431690.6922
Thailand,Phuket,1.946100316,2.982084307,31.62918917,24.27067754,223.6155264,212.6623235,0.850837419,0.592789027,0.935534697,0.844667959,1.95835337,2.859900827,31.15673826,23.57340926,220.4512076,206.2279542,27.94954645,22.91948544,28.90488174,23.52010649,Thailand,132413.899,577789.0654
Thailand,Prachuap Khilikhan,1.384599808,2.752971061,31.55066121,23.09583166,211.0800482,112.3691752,0.706120514,0.521821733,0.759614229,0.583521543,1.610401712,2.65815726,31.03364946,22.47828365,209.6691411,109.2515004,29.81026317,20.92014138,30.26896349,21.84179489,Thailand,387288.9641,458691.7874
Thailand,Ranong,1.532118661,2.823740525,31.46060677,22.64935163,208.7636485,269.8669018,0.56510487,0.329769551,0.715305484,0.466151905,1.683636512,2.722956336,30.97370605,22.01178537,206.9061309,260.5962109,27.11500757,20.99792508,27.52793501,21.92891569,Thailand,104538.9855,265124.2483
Thailand,Ratchaburi,1.155031539,2.772172936,32.75007611,23.32781941,214.8087171,82.90598588,0.889143575,0.711216785,0.896349331,0.767028765,1.312031335,2.67091047,32.31555052,22.69899143,213.0673139,82.97017879,31.795791,21.85074486,32.00919755,22.82898063,Thailand,740590.7961,794600.6021
Thailand,Rayong,1.623364719,2.872292033,32.1209971,23.91026723,219.775117,126.4518941,0.934634353,0.655579946,0.959773539,0.717448415,1.800683632,2.765635052,31.63774658,23.21450331,214.7109197,125.8159518,31.23212035,21.48580963,31.16806643,22.62604571,Thailand,351169.1824,857997.8963
Thailand,Roi Et,1.645315308,2.571303667,32.7194713,22.3851889,233.1393301,108.8231618,0.937867119,0.490961245,0.964448192,0.558952031,1.331636246,2.506901297,32.23779304,21.76799805,226.8201001,109.1032618,31.90437256,21.27716061,32.79879359,21.94804866,Thailand,1390601.727,1078643.567
Thailand,Sa Kaeo,1.30405467,2.74670598,32.68058091,22.76909653,226.147279,112.5350168,0.862626321,0.510959597,0.896519357,0.544007876,1.261267792,2.640366412,32.19233866,22.02475547,220.8027254,113.8646444,31.90058787,21.34015171,32.70430739,22.45698725,Thailand,381984.9635,593420.1695
Thailand,Sakon Nakhon,1.587278844,2.463617122,31.45432215,21.15880733,220.3607139,132.0839051,0.872718041,0.585825555,0.914457533,0.567157685,1.297173686,2.431603533,30.92924688,20.56181243,213.9529155,134.4528185,31.1697711,21.04481139,31.55540165,21.52778307,Thailand,1092016.113,930353.3986
Thailand,Samut Prakarn,1.756893604,2.899438315,32.77410152,24.70583994,216.435071,110.9882697,0.98014944,0.880980462,0.988558939,0.941675374,1.919838815,2.790105113,32.35133849,24.0162423,212.6756852,111.8425371,32.21238485,24.38794352,31.86639124,25.05498194,Thailand,609745.1458,1938584.17
Thailand,Samut Sakhon,1.568931815,2.873806444,32.92098169,24.23400787,216.4511277,92.91191383,0.975543007,0.841102493,0.978093122,0.926203594,1.741506054,2.768416841,32.49846154,23.58647626,213.8264076,93.55876568,31.63332951,23.20503386,31.59105471,24.36306566,Thailand,283107.937,995375.123
Thailand,Samut Songkham,1.646494001,2.88525311,32.7764043,24.03174515,217.8355623,82.26094631,0.936961597,0.803903505,0.944831968,0.888699737,1.821848122,2.780025748,32.33305216,23.39730059,215.7293056,82.57169409,30.47952,22.52159603,30.66347095,23.71429315,Thailand,204798.9508,180610.7328
Thailand,Saraburi,1.05342683,2.717890359,32.99343722,22.99994898,219.1408642,98.30755619,0.943784248,0.745267629,0.951381886,0.765897448,1.048230548,2.620015357,32.61310617,22.30860456,215.5414314,99.21921397,31.96423699,22.12486972,32.29256431,23.10164524,Thailand,451630.8404,739804.0828
Thailand,Satun,1.942580085,2.961068251,32.18472333,23.56749867,210.6807102,177.2250408,0.762882518,0.489281439,0.886566334,0.65075204,1.946110584,2.823315685,31.74151558,22.71954287,210.0411402,168.328244,27.79245087,22.09242923,29.13764256,22.95650125,Thailand,208182.9688,272087.5524
Thailand,Si Saket,1.666100648,2.616128738,32.4497607,22.19734302,237.4406432,117.9790716,0.907206864,0.491686826,0.935818329,0.542057707,1.51045707,2.542473794,31.92556972,21.55405512,230.4102343,117.4071495,31.94885178,21.38651761,32.54331389,21.74608398,Thailand,1381170.235,1047493.487
Thailand,Singburi,1.002855058,2.751177731,33.14745315,23.35360025,222.2810487,76.05994801,0.925507355,0.749796408,0.933937317,0.774777352,0.991628819,2.658204504,32.78273898,22.68727585,219.8494391,77.03792766,30.73533947,22.88280025,31.19250215,23.54611229,Thailand,373205.2989,196575.6106
Thailand,Songkhla,1.725066247,2.93371346,31.94786117,23.8511217,215.0672253,163.015146,0.862958074,0.62797027,0.938989121,0.728725495,1.732783851,2.80291379,31.50514133,23.01303046,212.9528742,154.3756789,29.11383505,22.623625,29.80556242,23.10299947,Thailand,976812.6402,1478487.319
Thailand,Sukhothai,1.081687534,2.666039471,33.1080213,22.38963483,216.8543182,88.94406916,0.900157415,0.699959997,0.921581226,0.700298485,0.91781888,2.599016322,32.84505616,21.74279209,214.5787304,91.934431,31.09466101,22.13062322,32.13736415,22.83562252,Thailand,536600.4711,626571.5675
Thailand,Suphanburi,0.948315921,2.740150593,33.3372116,23.31638271,218.7322578,80.72261878,0.917419568,0.731725228,0.932392437,0.748350259,0.994154046,2.647066044,32.96138389,22.66319122,216.8387257,82.37122426,31.80479466,22.76209509,32.17304701,23.36710649,Thailand,816058.3888,832746.645
Thailand,Surat Thani,1.453870197,2.848042641,32.19445743,23.08127805,219.5178897,166.6488612,0.73114813,0.479142386,0.822984486,0.529091362,1.484057676,2.738844464,31.72328716,22.41200011,215.3604748,159.4006329,28.61342725,21.26316899,28.87926048,22.17029416,Thailand,694064.2244,1018308.29
Thailand,Surin,1.657979357,2.637767643,32.79252049,22.24376599,235.9854066,111.5445171,0.912718625,0.471637184,0.936212684,0.539450845,1.417898936,2.551408907,32.30871533,21.59662719,229.7309092,110.7620432,32.26127534,21.50365185,32.90570204,21.73288199,Thailand,1502852.264,1116474.717
Thailand,Tak,1.02517088,2.371285834,31.16650693,19.82495838,213.440386,111.1903131,0.439417303,0.392129986,0.489423585,0.437464657,0.940859858,2.310996553,30.94123039,19.18300135,211.1960414,114.1492826,27.79961873,19.3275676,29.0279952,20.43448328,Thailand,419751.4845,532342.1591
Thailand,Trad,1.960140024,2.892808818,31.8217994,23.32978827,213.3530799,281.8575553,0.755878275,0.446105898,0.851282813,0.563029421,2.074591135,2.78672299,31.29375353,22.63110227,209.6357526,280.6824261,28.74118402,21.2822509,28.6903492,22.38362213,Thailand,165314.2949,244648.1277
Thailand,Trang,1.648502451,2.925382431,32.30441627,23.38287795,221.0746552,174.9932206,0.789806795,0.492911193,0.890162849,0.592613014,1.694129827,2.799439959,31.84913173,22.60611126,216.7005548,165.9777272,28.47101061,21.62888604,29.26660515,22.50162643,Thailand,538345.617,591493.9525
Thailand,Ubon Ratchathani,1.649425923,2.583864377,32.27377153,22.41489344,236.69841,140.5866817,0.884977758,0.480148055,0.931738459,0.543128151,1.585784719,2.521880582,31.71772823,21.73100599,228.982863,142.4368611,31.62216523,21.28827706,32.23372209,21.99804857,Thailand,1524133.775,1736144.805
Thailand,Udon Thani,1.513388097,2.457772097,31.73209537,21.36521227,215.8926812,112.6011271,0.906451794,0.590617536,0.924296558,0.561003532,1.183739779,2.415397873,31.22580978,20.78915691,211.2803734,113.7563921,31.92320705,20.87039227,32.1716437,21.34722579,Thailand,1594153.262,1265064.094
Thailand,Uthai Thani,1.034633199,2.682124951,32.98198251,22.74277227,218.670206,95.74565117,0.839758214,0.600558293,0.850641472,0.611635284,1.019780669,2.5996179,32.66547663,22.12844824,216.8367073,97.32440569,31.34983894,21.74613828,32.13324388,22.5945903,Thailand,289848.0226,298480.7025
Thailand,Uttaradit,1.244184466,2.503824989,32.51765274,20.71936197,215.512281,101.568583,0.642222401,0.506201075,0.706887726,0.547148984,1.011223633,2.446783252,32.20473184,20.08093056,213.072316,104.5942153,29.14270527,21.02066185,30.05370836,21.96009039,Thailand,457953.1942,437521.3659
Thailand,Yala,1.446180053,2.811074615,31.05653981,22.63103976,205.836689,178.7142261,0.4573747,0.326723996,0.674272141,0.482218078,1.409889205,2.671956982,30.56503907,21.73034435,207.5974462,174.8352603,27.55127515,20.61323451,28.21588612,21.47187036,Thailand,372203.9211,433010.3955
Thailand,Yasothon,1.64771215,2.557557639,32.61523102,22.14629245,235.2954571,117.5289584,0.935976941,0.468925249,0.96396281,0.552469757,1.417688894,2.504598351,32.10658859,21.50979109,228.2823917,119.0788724,31.56883464,21.30768986,32.2808509,21.89714335,Thailand,603444.2137,483232.6944
Timor-Leste,Aileu,2.526431108,2.26034571,26.19256314,18.57639753,226.7800803,149.4444884,0.444317749,0.472510632,0.554743755,0.53136969,2.405717087,2.260883154,25.69915376,18.51307697,224.634698,160.9505868,28.0228805,16.55496263,28.22926912,17.6902221,Timor-Leste,16562.93808,47410.38707
Timor-Leste,Ainaro,2.460893029,2.201558341,25.50305649,17.7033197,226.5422034,156.0173086,0.461703326,0.415542813,0.512101135,0.437972401,2.346630864,2.204872134,24.99982711,17.64859423,224.8440775,174.7724544,26.65840177,15.77782975,27.11779877,16.86939792,Timor-Leste,225722.7306,59787.1294
Timor-Leste,Baucau,2.597935063,2.553187785,29.15312387,20.3149625,230.9333338,122.8912817,0.671593241,0.551228018,0.746314203,0.592568918,2.447380186,2.555371606,28.62842643,20.34039188,230.25942,127.1233272,29.7103533,19.28582921,29.95465202,20.29939793,Timor-Leste,43539.31664,112883.1497
Timor-Leste,Bobonaro,2.149626151,2.464037927,28.13474203,20.8159168,234.5762972,119.8915021,0.644034539,0.529865538,0.726645789,0.569753222,2.03024152,2.45802575,27.72062649,20.65866594,232.0973591,135.7986541,29.43240832,18.6561233,29.89844492,20.1384587,Timor-Leste,26499.27294,92826.42974
Timor-Leste,Covalima,2.331664301,2.467297625,28.12149487,20.65679632,234.6234436,124.7173071,0.620911698,0.519920482,0.685523402,0.561659655,2.203578082,2.461214836,27.72201534,20.50828884,232.8454186,144.2281256,27.87481193,18.55455721,28.90070236,19.83658767,Timor-Leste,16691.53261,60287.23888
Timor-Leste,Dili,2.67614801,2.722921301,29.91215716,22.33519613,234.474289,84.34527622,0.820375643,0.663728787,0.880874521,0.78949472,2.548541209,2.710959087,29.49760529,22.20916786,232.0272924,90.62216869,31.650542,21.16794059,31.61217442,22.19084504,Timor-Leste,46801.73333,248128.3315
Timor-Leste,Ermera,2.202356445,2.132636107,24.78313929,17.34359244,225.8242378,149.9371761,0.398079305,0.408092538,0.512595798,0.494780184,2.085055792,2.133567499,24.30419439,17.23789746,223.3786314,165.8515262,26.9101403,15.56989084,26.90807534,16.71491737,Timor-Leste,33820.33644,119021.6971
Timor-Leste,Lautem,2.501573462,2.64529796,29.71824055,20.79263939,229.85623,120.0607702,0.621494369,0.479393419,0.659772396,0.513176311,2.341738383,2.646629128,29.20537018,20.84997257,229.8640017,121.0040087,28.45784877,19.93568874,28.60488968,20.81834952,Timor-Leste,17278.31858,59670.9927
Timor-Leste,Liquica,2.414843606,2.563327974,28.63127092,21.40206883,233.6180634,109.5724559,0.671146204,0.559634678,0.778999083,0.642716014,2.299578975,2.552777506,28.22603768,21.24041731,230.7231147,120.8237014,28.38425411,19.3111333,28.63258645,20.60682014,Timor-Leste,15773.53569,63051.20351
Timor-Leste,Manatuto,2.390536536,2.483702551,28.45861964,20.1310646,230.8926411,126.7226566,0.60216635,0.490317016,0.646246541,0.518399334,2.269854193,2.485634613,27.9481082,20.12505048,229.5236235,135.5060152,29.43011143,19.04972645,29.80009445,20.20996035,Timor-Leste,11675.26339,43926.85502
Timor-Leste,Manufahi,2.171241466,2.468309869,28.24361029,20.04900495,231.7845621,148.2440523,0.597826807,0.493860711,0.623624161,0.498270204,2.067199547,2.471676979,27.72724121,20.04428344,230.5193524,163.1467988,28.29013067,18.34281436,28.5971353,19.35619918,Timor-Leste,14980.34749,48508.44896
Timor-Leste,Oecussi,2.350863571,2.449631867,28.16784303,21.29746212,236.9406048,101.8697595,0.726798647,0.578467126,0.822474077,0.63057384,2.249196432,2.407472738,28.02010583,20.90006454,234.4050669,106.2556669,30.51215491,19.76663458,31.62228086,20.95256334,Timor-Leste,18888.79037,64160.0734
Timor-Leste,Viqueque,2.22214179,2.593758835,29.43666515,20.44624173,232.2961712,133.4043799,0.670583828,0.505081331,0.726713788,0.541951032,2.086105739,2.595392732,28.92061186,20.47525008,231.8394502,140.1612917,28.8318208,19.43045442,29.01300615,20.44936598,Timor-Leste,270210.4164,70768.57435
Viet Nam,An Giang,1.581774179,2.942886895,31.69181756,24.52533832,209.8004191,119.5830773,0.953129654,0.776176787,0.985161929,0.908415203,1.629471955,2.833687308,31.1462433,23.82105009,206.3105535,117.3410653,28.06470505,23.80646766,29.10199534,23.46202965,Viet Nam,1757341.135,2144770.126
Viet Nam,Ba Ria-Vung Tau,2.607910035,2.883052216,30.94248902,24.03545516,210.1611604,147.1954437,0.947407152,0.796944822,0.980095057,0.899565705,2.605725158,2.7833584,30.37712235,23.37475977,204.8243634,161.9666488,30.39706131,22.6730507,31.3839157,23.31964837,Viet Nam,584205.6962,1017001.288
Viet Nam,Bac Giang,1.593370778,2.378579164,27.03919434,20.03008645,179.2303243,131.5868642,0.869238985,0.790433591,0.929693778,0.857676796,1.537716176,2.381062406,26.61665926,19.46999817,168.746348,131.5876426,28.52393638,19.0833261,27.70534385,20.06278374,Viet Nam,1346896.507,1559496.336
Viet Nam,Bac Kan,1.703272885,2.127290419,25.6855745,17.85430043,174.8791183,136.9846242,0.577749504,0.556423559,0.516077812,0.542909977,1.576303079,2.132656396,25.29058089,17.27055754,165.7343944,138.3187351,25.56984999,16.67010662,25.11135533,17.7482736,Viet Nam,235252.145,295835.7528
Viet Nam,Bac Lieu,2.136295283,3.027406956,31.29911045,25.02697375,205.6656486,175.619066,0.972819118,0.809640531,0.992173709,0.923430716,2.11518366,2.908671666,30.75368383,24.32278335,201.7626886,173.48718,29.72254893,23.43954177,29.45369168,24.60810896,Viet Nam,579426.327,876332.0278
Viet Nam,Bac Ninh,1.484938425,2.434877819,27.29428892,20.51159193,177.6373844,133.1398004,0.915649452,0.804712648,0.96510443,0.90274599,1.445899398,2.436946677,26.83911923,19.92656037,167.4510186,132.0949656,27.91234001,19.30966739,27.86260584,20.41423115,Viet Nam,826631.4827,1026051.49
Viet Nam,Ben Tre,2.14988504,2.953344091,31.52991659,24.57390492,209.5291413,108.8604706,0.966096557,0.826467446,0.989545668,0.954072041,2.160385132,2.843172474,30.97166104,23.88831725,204.2845011,114.9218095,28.62620091,23.16371098,29.19336655,23.61199359,Viet Nam,1179135.315,1241337.185
Viet Nam,Binh Dinh,2.351379613,2.662621127,29.59297825,22.35199873,217.809061,134.1309662,0.720226938,0.671512382,0.77818692,0.737768479,2.382067838,2.607399367,29.13518658,21.61690068,215.2575112,125.6093721,29.71442903,20.29689258,29.53493067,21.24066202,Viet Nam,1276416.862,1473077.451
Viet Nam,Binh Duong,1.841947321,2.823184419,31.90359525,23.05316332,211.66032,178.5642108,0.966169116,0.780098121,0.989326399,0.878128505,1.891068782,2.715383721,31.33222557,22.36537459,206.5614998,176.7686294,30.65209718,22.02302415,32.81819021,22.71870057,Viet Nam,426810.0327,1805109.88
Viet Nam,Binh Phuoc,1.637409962,2.701779384,31.24448687,21.98196475,217.4791182,198.444644,0.827895404,0.559450559,0.929361045,0.668978728,1.69548928,2.600128001,30.6625762,21.29071214,212.6263628,198.5198015,30.17341558,20.63878752,31.18785128,22.11979747,Viet Nam,465395.0645,919878.6988
Viet Nam,Binh Thuan,2.361300395,2.674486548,30.32567255,22.35230647,213.1472831,122.6165769,0.776007063,0.66312049,0.844531451,0.756606087,2.376937178,2.587846242,29.73309847,21.70490289,208.4348203,135.1973701,31.9333213,21.25427426,32.49970759,22.10822448,Viet Nam,824517.6507,1147620.166
Viet Nam,Ca Mau,2.269035317,3.05014368,31.08850757,24.91786531,205.8529734,187.4455222,0.960492411,0.790710342,0.99024456,0.895978141,2.204413797,2.931775071,30.54719009,24.18939948,202.4655902,189.8701829,28.68519076,23.75036791,28.59800786,24.79028249,Viet Nam,978415.331,1210443.265
Viet Nam,Can Tho city,1.604810253,2.96483054,31.83516534,24.94950753,207.1213346,129.0609099,0.970046045,0.811469329,0.988667733,0.952047666,1.627367027,2.854071849,31.29305571,24.24705547,202.9405152,126.6041358,28.84827597,23.7255215,29.7623941,23.36485553,Viet Nam,678195.8597,1165350.97
Viet Nam,Cao Bang,1.809326179,2.038944861,25.35589822,17.27053443,175.0506655,125.9893772,0.644922631,0.618340097,0.546014245,0.56236754,1.654378556,2.04619692,25.01749147,16.7370884,165.7590451,127.4861724,26.02166073,16.3616375,25.1651949,17.3947781,Viet Nam,465552.4622,506237.4682
Viet Nam,Da Nang City,2.536682297,2.606040255,29.5480966,22.77278968,212.2339388,183.8460993,0.845628936,0.819690056,0.9170999,0.899387337,2.737502609,2.584762016,29.17186349,22.02017077,208.7435858,167.3942927,30.67580732,20.35762172,31.31874178,21.33825686,Viet Nam,508457.0282,922033.297
Viet Nam,Dak Lak,1.87952449,2.405265753,28.84349946,19.73401872,216.38494,136.7024854,0.629562351,0.681168701,0.762611709,0.709220889,1.925686049,2.327307335,28.25336607,18.95796865,213.4423977,134.4229554,29.60546206,18.9860299,29.94445585,20.00067467,Viet Nam,1091568.115,1779787.991
Viet Nam,Dak Nong,1.859237296,2.343332725,28.49412084,18.93022093,216.2320727,161.8302303,0.406956726,0.509707853,0.595758564,0.617498798,1.923443194,2.258917641,27.90277435,18.1760993,212.5626337,161.1602943,28.01683933,18.12127736,28.95035553,19.46225378,Viet Nam,218621.4251,527465.901
Viet Nam,Dien Bien,1.729579633,1.967655078,26.52640451,16.80161751,186.1987805,145.2772266,0.551031445,0.529994534,0.480341964,0.498304048,1.524491862,1.970553554,26.01833224,15.88157959,176.9996454,144.4673967,25.2511403,17.4354091,25.03908626,17.88319777,Viet Nam,278263.0732,502125.9764
Viet Nam,Dong Nai,2.025111628,2.767976122,30.97268384,22.64213196,212.7728964,179.3381363,0.862733551,0.667821125,0.938194701,0.828342694,2.060223515,2.667295608,30.39299406,21.96376272,207.4142449,185.2283564,30.40645619,21.58964275,31.81423597,22.40750389,Viet Nam,1463297.411,2571771.899
Viet Nam,Dong Thap,1.481686607,2.930547026,31.97847258,24.57409018,210.8700617,118.5572203,0.954542848,0.772384815,0.986210044,0.906616634,1.528212215,2.821866901,31.43043947,23.87670547,206.803999,116.7466041,28.14776394,24.06943295,29.06911315,23.54659019,Viet Nam,1335725.738,1672316.548
Viet Nam,Gia Lai,1.84514987,2.421288123,29.31309276,19.87225455,219.1846052,162.3247717,0.572554099,0.575596947,0.702986908,0.603320715,1.888601754,2.352394036,28.77741662,19.08775955,215.6915253,159.0623633,29.85986023,18.90510449,30.06943575,19.92303029,Viet Nam,674181.4112,1309483.736
Viet Nam,Ha Giang,1.736175162,1.954602483,24.33601858,16.59727194,172.0053391,138.9018347,0.605318144,0.506322026,0.561514323,0.505212094,1.649356365,1.959963987,23.93219498,15.87209715,164.4094973,143.7115305,25.0833085,15.81667027,25.06835174,16.87455441,Viet Nam,524182.0863,742100.0019
Viet Nam,Ha Nam,1.471113156,2.478849391,27.49714437,20.8884621,180.5674726,139.3139224,0.905375075,0.801736071,0.958779176,0.887819975,1.55817944,2.482465273,27.06658885,20.2522401,171.841308,136.6058209,28.10634344,19.39657917,27.94370745,20.45549198,Viet Nam,717633.2638,779453.2303
Viet Nam,Ha Noi City,1.361188434,2.445947903,27.58634388,20.71898671,174.4125928,136.8117363,0.936074486,0.868933291,0.965625021,0.923969408,1.334354992,2.448521534,27.11858441,20.12453065,164.8585356,135.0836271,29.22935444,19.54108335,29.36732669,20.50673047,Viet Nam,2251710.142,3796429.91
Viet Nam,Ha Tay,1.409066729,2.456003453,27.57764537,20.59254166,176.1523897,142.3719108,0.898535798,0.792870274,0.961211783,0.896152124,1.403344188,2.459069502,27.11213749,19.96270747,167.1271857,139.9573076,28.60139238,19.55659423,28.54457492,20.58510665,Viet Nam,1623265.942,2748939.614
Viet Nam,Ha Tinh,1.992610099,2.443685295,28.02146935,21.11994325,199.7687767,186.6780686,0.832944871,0.78868846,0.87010039,0.811841224,2.204307281,2.442692881,27.62977626,20.49618883,194.5060081,174.2084123,29.80744697,19.73676472,29.29279425,21.09715659,Viet Nam,1179107.101,1212001.81
Viet Nam,Hai Duong,1.73268875,2.459963453,27.15647819,20.77462676,180.6056271,136.4379328,0.931287827,0.833517757,0.973778855,0.920144361,1.762385154,2.462538964,26.72586454,20.19981552,170.6588222,135.285241,27.62572309,19.53617041,27.80873574,20.54588607,Viet Nam,1464033.01,1703871.875
Viet Nam,Hai Phong City,2.384454147,2.503636481,27.06912904,21.06298009,184.1701448,142.4240415,0.960323098,0.908382196,0.986722618,0.956703614,2.499642896,2.506283056,26.69271263,20.51829345,175.069207,140.3567697,27.7096826,20.61094883,28.1887333,20.98839624,Viet Nam,1447657.505,1847100.146
Viet Nam,Hau Giang,1.644399755,2.977508025,31.70975775,25.05865532,206.6589427,142.0669506,0.977993545,0.837871258,0.989320369,0.93625858,1.650676278,2.862426927,31.16743977,24.35526451,202.4436763,139.6085132,29.23144922,23.52313419,29.539361,23.28590973,Viet Nam,834723.7501,801900.2005
Viet Nam,Ho Chi Minh City,2.357034495,2.898318576,32.29219151,23.73880627,206.8398977,154.6996528,0.987926919,0.953669778,0.990920871,0.98221453,2.378001538,2.788572201,31.72579181,23.0463472,201.5885118,152.6493467,33.72826625,23.29823709,35.35420697,23.99864546,Viet Nam,3467654.544,7683659.509
Viet Nam,Hoa Binh,1.506265942,2.326875961,26.84896541,19.52986601,178.9345494,146.3311831,0.731105661,0.67712822,0.783554772,0.715508067,1.528529713,2.330279609,26.3940724,18.82749905,170.711893,143.0729562,27.1362451,18.04619315,27.21571924,19.13117483,Viet Nam,725529.9364,793714.0462
Viet Nam,Hung Yen,1.474434732,2.463081361,27.36987094,20.775686,178.52426,140.238093,0.902107029,0.787938897,0.965384188,0.894350546,1.503881287,2.466058974,26.91652203,20.1793159,169.0398674,138.1645509,27.91181966,19.16838037,27.92348681,20.19402923,Viet Nam,982811.2628,1132518.811
Viet Nam,Khanh Hoa,2.468812293,2.546541289,28.91564139,21.10388898,215.3885437,99.02927052,0.646034935,0.626920933,0.740989221,0.73027469,2.504090781,2.487501805,28.37154559,20.39736248,213.1648136,100.8063849,28.38618331,19.94500183,29.04628812,20.78577028,Viet Nam,802693.7986,1134797.11
Viet Nam,Kien Giang,2.259542584,3.025107032,31.30269419,24.75152527,206.0960639,172.9604658,0.939041061,0.759961431,0.974156323,0.87881854,2.24598821,2.908014052,30.77338623,24.05242415,202.9210966,169.9998255,28.41421996,23.57182497,28.88076616,23.64444586,Viet Nam,1198520.855,1605879.937
Viet Nam,Kon Tum,1.873741556,2.185096898,27.60269445,17.41878206,220.1695922,187.841117,0.299324589,0.366929642,0.390057374,0.389161413,1.932892818,2.125902529,27.08295932,16.62341981,215.6793323,182.6031314,26.08172304,17.09389172,26.36874551,17.98838029,Viet Nam,232788.7072,484714.2903
Viet Nam,Lai Chau,1.808790647,1.845862909,24.13917072,15.72684341,181.9933083,136.3454541,0.584931007,0.503979588,0.479181122,0.453647838,1.631776364,1.849319251,23.65629617,14.78595482,172.9138099,139.8769473,24.49182622,15.94327379,23.96963216,16.33418349,Viet Nam,131657.9219,427168.4099
Viet Nam,Lam Dong,1.929857022,2.189135753,26.91925383,17.44989398,213.8459436,160.9280222,0.354670633,0.459689036,0.484561245,0.544534719,1.969158933,2.112720207,26.33454439,16.74746433,209.9428266,165.1811468,26.66793562,17.29327762,27.48770385,18.31121411,Viet Nam,784267.3862,1215341.092
Viet Nam,Lang Son,1.690190551,2.159669082,25.84284735,18.10177469,179.6697754,117.1937518,0.671685405,0.692411993,0.616370799,0.671061101,1.605422281,2.165145403,25.49837529,17.6057758,169.4740237,118.0479383,26.72762931,17.50581599,25.76563654,18.18136502,Viet Nam,616180.4165,729856.0755
Viet Nam,Lao Cai,1.739298697,1.963400827,24.1350002,16.83944261,175.9776328,141.8266936,0.60032972,0.504029471,0.593278023,0.529225958,1.585265922,1.966915696,23.69614977,15.96891823,167.6205341,146.5811032,24.76668506,15.95302137,24.79496824,16.82817292,Viet Nam,537337.3198,617309.37
Viet Nam,Long An,1.798945255,2.902071759,32.08412319,24.0552877,211.3080526,127.6476988,0.969085375,0.80759593,0.987877449,0.894801697,1.823998058,2.792094973,31.52153745,23.36474688,206.3837809,127.0235442,29.18180041,23.55429568,30.30245455,23.43457271,Viet Nam,1083422.689,1449825.923
Viet Nam,Nam Dinh,1.983763784,2.525864604,27.45869107,21.15663547,183.5292521,141.507669,0.959388502,0.884053317,0.982019987,0.939293448,2.153989903,2.529911188,27.10387453,20.5118559,175.1620102,138.9474704,27.61935797,19.95206501,27.56502466,20.73508756,Viet Nam,1806349.457,1791613.689
Viet Nam,Nghe An,1.767562642,2.378115983,27.7719315,20.25778737,193.1496174,126.2526495,0.798153713,0.794445928,0.812651737,0.787486143,1.920884812,2.379921109,27.34498366,19.64041259,187.0447737,121.2507549,29.18657056,18.84261186,28.64463175,19.98904429,Viet Nam,2664979.488,2902585.633
Viet Nam,Ninh Binh,1.833453459,2.503479057,27.53875298,20.91718046,183.5456757,150.1022011,0.920003049,0.858285434,0.964638215,0.918903371,1.986667194,2.507689774,27.15728759,20.23945329,175.5092639,146.8675121,28.39401392,19.62722308,28.41801977,20.70674775,Viet Nam,833697.3361,897058.6491
Viet Nam,Ninh Thuan,2.489296061,2.60853266,29.54493203,22.55380403,215.252513,83.12037583,0.735073554,0.723860694,0.795828122,0.793423802,2.484246726,2.551172219,28.96958507,21.86114026,212.2985357,89.05070376,31.09814838,21.10054713,31.63863315,22.0767085,Viet Nam,405526.5299,567667.1169
Viet Nam,Phu Tho,1.473732439,2.420602505,27.4262999,19.84061474,175.5714778,139.0092777,0.843827466,0.765756104,0.916167773,0.823955366,1.420575618,2.422778816,27.00584942,19.11814181,167.1284407,138.2982922,27.80757305,19.28361927,27.31137449,19.68084059,Viet Nam,5596357.174,1272467.614
Viet Nam,Phu Yen,2.533045756,2.671148681,29.76209239,22.54181924,216.3282567,121.0561535,0.760903302,0.687816912,0.856307734,0.785911062,2.569925185,2.611504,29.2688356,21.81607777,214.1654621,116.6011959,29.69202007,20.35418937,30.32633758,21.41380587,Viet Nam,635670.5752,864549.9109
Viet Nam,Quang Binh,1.980122173,2.364686667,27.92999564,21.02201853,206.8605704,205.8918172,0.627476106,0.62258543,0.736450734,0.680391773,2.214027568,2.359098112,27.54625963,20.36576744,202.6297536,190.9586548,28.77117859,19.26756325,28.5035132,20.73201029,Viet Nam,680481.2553,844242.3184
Viet Nam,Quang Nam,2.039838353,2.492309518,28.87709647,21.14887389,215.6183546,186.8523597,0.616417014,0.571139405,0.704593043,0.64094813,2.182014301,2.458949886,28.44345268,20.36235131,211.6998949,170.749414,28.76262994,19.26301412,28.75709904,20.24744567,Viet Nam,1222826.697,1416802.51
Viet Nam,Quang Ngai,2.31352749,2.635385355,29.65062914,21.93061715,217.3122243,170.9169591,0.736678488,0.686252325,0.814862073,0.758939053,2.351919678,2.591756189,29.2096107,21.17081953,213.8505864,156.7635866,29.87894774,20.28161821,29.70213475,21.21429104,Viet Nam,1053393.485,1202861.012
Viet Nam,Quang Ninh,2.471588147,2.356690437,26.17047408,19.61422348,186.2504903,169.5704854,0.839930288,0.750813624,0.924672898,0.824959217,2.59137071,2.36139981,25.89396764,19.15193157,176.7754824,166.901185,26.52778501,18.67453684,26.2464111,19.18790215,Viet Nam,853079.9545,1075793.339
Viet Nam,Quang Tri,2.102923109,2.444985958,28.73768789,21.69497191,212.85984,203.8482454,0.79945513,0.736641349,0.869188949,0.789261286,2.289672654,2.426115516,28.32703793,20.94852186,208.8198453,186.5616668,29.92977405,20.14995963,29.89527353,21.30526957,Viet Nam,508353.9223,601089.6212
Viet Nam,Soc Trang,2.107463563,3.003725101,31.43885599,25.02107508,206.1667658,143.0345957,0.974419861,0.817447463,0.991513387,0.935575658,2.115716752,2.884535837,30.88871893,24.31665974,201.707845,144.8679027,29.58479734,23.0837069,29.70678805,23.50616259,Viet Nam,936339.8682,1303893.689
Viet Nam,Son La,1.752692993,1.991528848,25.90912445,17.0880695,181.8384327,127.0263447,0.613543862,0.59290439,0.56962829,0.576357672,1.600060925,1.996578428,25.42631974,16.24817653,173.2487492,125.7774121,25.5853383,16.95216242,25.84344238,17.59399639,Viet Nam,704906.2708,1115278.86
Viet Nam,Tay Ninh,1.56132672,2.833051758,32.21328002,23.39200454,215.6750122,162.7342019,0.957712751,0.733510179,0.978470257,0.854723435,1.62207573,2.725839886,31.62919864,22.69914949,210.8713333,160.639133,30.60975436,22.18228837,31.40580608,22.99252621,Viet Nam,801992.3078,1077224.837
Viet Nam,Thai Binh,1.985598059,2.51473827,27.29124389,21.15231647,182.8550912,144.2406623,0.959959158,0.87681503,0.979734516,0.938165939,2.124917949,2.518263545,26.9169323,20.54311444,174.0312274,142.0891455,27.27932287,19.67193819,27.18033989,20.60243964,Viet Nam,1670953.353,1758763.918
Viet Nam,Thai Nguyen,1.469476759,2.341160656,26.99340674,19.51854138,175.67809,150.5073178,0.755799795,0.685165034,0.851372715,0.76168353,1.37953618,2.343942422,26.56120634,18.93052137,166.0961682,150.7565417,27.67263512,18.41236361,27.11293513,19.4128941,Viet Nam,930755.454,1133771.022
Viet Nam,Thanh Hoa,1.830527053,2.43217454,27.53569974,20.30188503,185.376632,140.2571704,0.859119868,0.813944945,0.878599851,0.845206968,1.951667935,2.436234172,27.11214942,19.60643324,178.0704339,135.3628298,28.25576,19.03649349,28.20167555,19.94560434,Viet Nam,3176012.763,3341963.381
Viet Nam,Thua Thien - Hue,2.235665708,2.495118212,28.91356487,21.70846504,214.4919096,221.3451612,0.739530013,0.699415695,0.804760292,0.74516993,2.433817881,2.47090622,28.51436274,20.94190897,210.8017703,200.0908673,29.92116012,20.05262965,29.36274502,21.42159362,Viet Nam,885429.4589,1069409.73
Viet Nam,Tien Giang,1.921768011,2.927630414,31.78249824,24.3766448,209.7799206,108.5950806,0.972894816,0.841927622,0.989415468,0.949522172,1.930986365,2.818000008,31.22540709,23.69087904,204.6484368,111.8407192,29.27658165,23.21381602,30.19680469,23.29296012,Viet Nam,1379526.948,1675366.607
Viet Nam,Tra Vinh,2.298142374,2.98861706,31.44628127,24.87862781,207.7160995,118.9155244,0.970357534,0.823340046,0.990950955,0.954525911,2.317734578,2.871776668,30.8883652,24.17808797,202.6984619,125.3601028,29.34430227,22.99688736,29.6371677,23.55876612,Viet Nam,811853.0296,1001909.294
Viet Nam,Tuyen Quang,1.556651328,2.290569854,26.80402992,19.08941349,174.0587171,139.803525,0.641419351,0.598887936,0.736864136,0.690495619,1.468384453,2.293007357,26.37968889,18.40119689,165.9426007,141.429171,26.10494782,17.85021422,26.43096153,18.98242756,Viet Nam,633343.4525,730342.4813
Viet Nam,Vinh Long,1.649915911,2.951159543,31.73333661,24.69536972,208.4391306,115.8692246,0.969058473,0.813527736,0.988531087,0.948914358,1.672098786,2.83977094,31.18306168,23.99972943,203.6917759,116.8674141,28.87959556,23.27451535,29.51630315,23.18700169,Viet Nam,872146.5636,1024287.141
Viet Nam,Vinh Phuc,1.443624394,2.411376253,27.32739872,20.05613241,174.8974977,141.6161455,0.859120709,0.760258528,0.920181273,0.855218998,1.384271787,2.413347045,26.88198744,19.42918077,165.6303327,140.5845439,28.06638012,19.46499074,28.0279284,20.14971054,Viet Nam,1246879.765,1184282.078
Viet Nam,Yen Bai,1.670727546,2.145107138,25.6407881,17.89050201,175.9962939,143.4939089,0.642868099,0.559216067,0.689129216,0.617200403,1.56422042,2.148916627,25.21798151,17.09342484,167.813741,144.7050538,25.47404568,16.88294414,25.53026413,17.77939393,Viet Nam,577618.987,747485.4823
